-- Asistencia (Supabase) — datos iniciales (desde Asistencia (1).xlsx)
-- Ejecutar DESPUÉS de schema.sql
begin;
insert into public.users(user_id,email,pin_hash,role,full_name,active,created_at) values('U-ADMIN-1', 'admin1@demo.edu.ar', crypt('1234', gen_salt('bf')), 'admin', 'Admin Demo 1', true, '2026-02-21T16:00:53.874Z');
insert into public.users(user_id,email,pin_hash,role,full_name,active,created_at) values('U-ADMIN-2', 'admin2@demo.edu.ar', crypt('1234', gen_salt('bf')), 'admin', 'Admin Demo 2', true, '2026-02-21T16:00:53.876Z');
insert into public.users(user_id,email,pin_hash,role,full_name,active,created_at) values('U-ADMIN-3', 'admin3@demo.edu.ar', crypt('1234', gen_salt('bf')), 'admin', 'Admin Demo 3', true, '2026-02-21T16:00:53.877Z');
insert into public.users(user_id,email,pin_hash,role,full_name,active,created_at) values('U-PREC-1', 'preceptor1@demo.edu.ar', crypt('1111', gen_salt('bf')), 'preceptor', 'Preceptor Demo 1', true, '2026-02-21T16:00:53.877Z');
insert into public.users(user_id,email,pin_hash,role,full_name,active,created_at) values('U-PREC-2', 'preceptor2@demo.edu.ar', crypt('2222', gen_salt('bf')), 'preceptor', 'Preceptor Demo 2', true, '2026-02-21T16:00:53.877Z');
insert into public.users(user_id,email,pin_hash,role,full_name,active,created_at) values('U-PREC-3', 'preceptor3@demo.edu.ar', crypt('3333', gen_salt('bf')), 'preceptor', 'Preceptor Demo 3', true, '2026-02-21T16:00:53.877Z');
insert into public.courses(course_id,name,year,division,turno,active) values('C-1A', '1°A', 1, 'A', 'Mañana', true);
insert into public.courses(course_id,name,year,division,turno,active) values('C-1B', '1°B', 1, 'B', 'Mañana', true);
insert into public.courses(course_id,name,year,division,turno,active) values('C-2A', '2°A', 2, 'A', 'Tarde', true);
insert into public.courses(course_id,name,year,division,turno,active) values('C-2B', '2°B', 2, 'B', 'Tarde', true);
insert into public.courses(course_id,name,year,division,turno,active) values('C-3A', '3°A', 3, 'A', 'Mañana', true);
insert into public.courses(course_id,name,year,division,turno,active) values('C-3B', '3°B', 3, 'B', 'Tarde', true);
insert into public.course_users(course_id,user_id) values('C-1A', 'U-PREC-1') on conflict do nothing;
insert into public.course_users(course_id,user_id) values('C-1B', 'U-PREC-1') on conflict do nothing;
insert into public.course_users(course_id,user_id) values('C-2A', 'U-PREC-2') on conflict do nothing;
insert into public.course_users(course_id,user_id) values('C-2B', 'U-PREC-2') on conflict do nothing;
insert into public.course_users(course_id,user_id) values('C-3A', 'U-PREC-3') on conflict do nothing;
insert into public.course_users(course_id,user_id) values('C-3B', 'U-PREC-3') on conflict do nothing;
insert into public.students(student_id,course_id,last_name,first_name,dni,active) values('S-C-1A-42000000', 'C-1A', 'González', 'Sofía', '42000000', true);
insert into public.students(student_id,course_id,last_name,first_name,dni,active) values('S-C-1A-42000001', 'C-1A', 'Rodríguez', 'Martina', '42000001', true);
insert into public.students(student_id,course_id,last_name,first_name,dni,active) values('S-C-1A-42000002', 'C-1A', 'Gómez', 'Valentina', '42000002', true);
insert into public.students(student_id,course_id,last_name,first_name,dni,active) values('S-C-1A-42000003', 'C-1A', 'Fernández', 'Camila', '42000003', true);
insert into public.students(student_id,course_id,last_name,first_name,dni,active) values('S-C-1A-42000004', 'C-1A', 'López', 'Lucía', '42000004', true);
insert into public.students(student_id,course_id,last_name,first_name,dni,active) values('S-C-1A-42000005', 'C-1A', 'Martínez', 'Jazmín', '42000005', true);
insert into public.students(student_id,course_id,last_name,first_name,dni,active) values('S-C-1A-42000006', 'C-1A', 'Pérez', 'Mía', '42000006', true);
insert into public.students(student_id,course_id,last_name,first_name,dni,active) values('S-C-1A-42000007', 'C-1A', 'Sánchez', 'Emma', '42000007', true);
insert into public.students(student_id,course_id,last_name,first_name,dni,active) values('S-C-1A-42000008', 'C-1A', 'Romero', 'Catalina', '42000008', true);
insert into public.students(student_id,course_id,last_name,first_name,dni,active) values('S-C-1A-42000009', 'C-1A', 'Díaz', 'Abril', '42000009', true);
insert into public.students(student_id,course_id,last_name,first_name,dni,active) values('S-C-1A-42000010', 'C-1A', 'Torres', 'Mateo', '42000010', true);
insert into public.students(student_id,course_id,last_name,first_name,dni,active) values('S-C-1A-42000011', 'C-1A', 'Ruiz', 'Benjamín', '42000011', true);
insert into public.students(student_id,course_id,last_name,first_name,dni,active) values('S-C-1A-42000012', 'C-1A', 'Ramírez', 'Thiago', '42000012', true);
insert into public.students(student_id,course_id,last_name,first_name,dni,active) values('S-C-1A-42000013', 'C-1A', 'Flores', 'Joaquín', '42000013', true);
insert into public.students(student_id,course_id,last_name,first_name,dni,active) values('S-C-1A-42000014', 'C-1A', 'Acosta', 'Santino', '42000014', true);
insert into public.students(student_id,course_id,last_name,first_name,dni,active) values('S-C-1A-42000015', 'C-1A', 'Benítez', 'Tomás', '42000015', true);
insert into public.students(student_id,course_id,last_name,first_name,dni,active) values('S-C-1A-42000016', 'C-1A', 'Herrera', 'Felipe', '42000016', true);
insert into public.students(student_id,course_id,last_name,first_name,dni,active) values('S-C-1A-42000017', 'C-1A', 'Medina', 'Nicolás', '42000017', true);
insert into public.students(student_id,course_id,last_name,first_name,dni,active) values('S-C-1A-42000018', 'C-1A', 'Castro', 'Bruno', '42000018', true);
insert into public.students(student_id,course_id,last_name,first_name,dni,active) values('S-C-1A-42000019', 'C-1A', 'Ortiz', 'Franco', '42000019', true);
insert into public.students(student_id,course_id,last_name,first_name,dni,active) values('S-C-1A-42000020', 'C-1A', 'Silva', 'Agustín', '42000020', true);
insert into public.students(student_id,course_id,last_name,first_name,dni,active) values('S-C-1A-42000021', 'C-1A', 'Molina', 'Dylan', '42000021', true);
insert into public.students(student_id,course_id,last_name,first_name,dni,active) values('S-C-1A-42000022', 'C-1A', 'Rojas', 'Lautaro', '42000022', true);
insert into public.students(student_id,course_id,last_name,first_name,dni,active) values('S-C-1A-42000023', 'C-1A', 'Vega', 'Ian', '42000023', true);
insert into public.students(student_id,course_id,last_name,first_name,dni,active) values('S-C-1A-42000024', 'C-1A', 'Méndez', 'Ramiro', '42000024', true);
insert into public.students(student_id,course_id,last_name,first_name,dni,active) values('S-C-1A-42000025', 'C-1A', 'Ponce', 'Facundo', '42000025', true);
insert into public.students(student_id,course_id,last_name,first_name,dni,active) values('S-C-1A-42000026', 'C-1A', 'Cabrera', 'Bautista', '42000026', true);
insert into public.students(student_id,course_id,last_name,first_name,dni,active) values('S-C-1A-42000027', 'C-1A', 'Figueroa', 'Simón', '42000027', true);
insert into public.students(student_id,course_id,last_name,first_name,dni,active) values('S-C-1A-42000028', 'C-1A', 'Peralta', 'Ezequiel', '42000028', true);
insert into public.students(student_id,course_id,last_name,first_name,dni,active) values('S-C-1A-42000029', 'C-1A', 'Aguirre', 'Gael', '42000029', true);
insert into public.students(student_id,course_id,last_name,first_name,dni,active) values('S-C-1B-42000030', 'C-1B', 'Ruiz', 'Emma', '42000030', true);
insert into public.students(student_id,course_id,last_name,first_name,dni,active) values('S-C-1B-42000031', 'C-1B', 'Ramírez', 'Catalina', '42000031', true);
insert into public.students(student_id,course_id,last_name,first_name,dni,active) values('S-C-1B-42000032', 'C-1B', 'Flores', 'Abril', '42000032', true);
insert into public.students(student_id,course_id,last_name,first_name,dni,active) values('S-C-1B-42000033', 'C-1B', 'Acosta', 'Mateo', '42000033', true);
insert into public.students(student_id,course_id,last_name,first_name,dni,active) values('S-C-1B-42000034', 'C-1B', 'Benítez', 'Benjamín', '42000034', true);
insert into public.students(student_id,course_id,last_name,first_name,dni,active) values('S-C-1B-42000035', 'C-1B', 'Herrera', 'Thiago', '42000035', true);
insert into public.students(student_id,course_id,last_name,first_name,dni,active) values('S-C-1B-42000036', 'C-1B', 'Medina', 'Joaquín', '42000036', true);
insert into public.students(student_id,course_id,last_name,first_name,dni,active) values('S-C-1B-42000037', 'C-1B', 'Castro', 'Santino', '42000037', true);
insert into public.students(student_id,course_id,last_name,first_name,dni,active) values('S-C-1B-42000038', 'C-1B', 'Ortiz', 'Tomás', '42000038', true);
insert into public.students(student_id,course_id,last_name,first_name,dni,active) values('S-C-1B-42000039', 'C-1B', 'Silva', 'Felipe', '42000039', true);
insert into public.students(student_id,course_id,last_name,first_name,dni,active) values('S-C-1B-42000040', 'C-1B', 'Molina', 'Nicolás', '42000040', true);
insert into public.students(student_id,course_id,last_name,first_name,dni,active) values('S-C-1B-42000041', 'C-1B', 'Rojas', 'Bruno', '42000041', true);
insert into public.students(student_id,course_id,last_name,first_name,dni,active) values('S-C-1B-42000042', 'C-1B', 'Vega', 'Franco', '42000042', true);
insert into public.students(student_id,course_id,last_name,first_name,dni,active) values('S-C-1B-42000043', 'C-1B', 'Méndez', 'Agustín', '42000043', true);
insert into public.students(student_id,course_id,last_name,first_name,dni,active) values('S-C-1B-42000044', 'C-1B', 'Ponce', 'Dylan', '42000044', true);
insert into public.students(student_id,course_id,last_name,first_name,dni,active) values('S-C-1B-42000045', 'C-1B', 'Cabrera', 'Lautaro', '42000045', true);
insert into public.students(student_id,course_id,last_name,first_name,dni,active) values('S-C-1B-42000046', 'C-1B', 'Figueroa', 'Ian', '42000046', true);
insert into public.students(student_id,course_id,last_name,first_name,dni,active) values('S-C-1B-42000047', 'C-1B', 'Peralta', 'Ramiro', '42000047', true);
insert into public.students(student_id,course_id,last_name,first_name,dni,active) values('S-C-1B-42000048', 'C-1B', 'Aguirre', 'Facundo', '42000048', true);
insert into public.students(student_id,course_id,last_name,first_name,dni,active) values('S-C-1B-42000049', 'C-1B', 'González', 'Bautista', '42000049', true);
insert into public.students(student_id,course_id,last_name,first_name,dni,active) values('S-C-1B-42000050', 'C-1B', 'Rodríguez', 'Simón', '42000050', true);
insert into public.students(student_id,course_id,last_name,first_name,dni,active) values('S-C-1B-42000051', 'C-1B', 'Gómez', 'Ezequiel', '42000051', true);
insert into public.students(student_id,course_id,last_name,first_name,dni,active) values('S-C-1B-42000052', 'C-1B', 'Fernández', 'Gael', '42000052', true);
insert into public.students(student_id,course_id,last_name,first_name,dni,active) values('S-C-1B-42000053', 'C-1B', 'López', 'Sofía', '42000053', true);
insert into public.students(student_id,course_id,last_name,first_name,dni,active) values('S-C-1B-42000054', 'C-1B', 'Martínez', 'Martina', '42000054', true);
insert into public.students(student_id,course_id,last_name,first_name,dni,active) values('S-C-1B-42000055', 'C-1B', 'Pérez', 'Valentina', '42000055', true);
insert into public.students(student_id,course_id,last_name,first_name,dni,active) values('S-C-1B-42000056', 'C-1B', 'Sánchez', 'Camila', '42000056', true);
insert into public.students(student_id,course_id,last_name,first_name,dni,active) values('S-C-1B-42000057', 'C-1B', 'Romero', 'Lucía', '42000057', true);
insert into public.students(student_id,course_id,last_name,first_name,dni,active) values('S-C-1B-42000058', 'C-1B', 'Díaz', 'Jazmín', '42000058', true);
insert into public.students(student_id,course_id,last_name,first_name,dni,active) values('S-C-1B-42000059', 'C-1B', 'Torres', 'Mía', '42000059', true);
insert into public.students(student_id,course_id,last_name,first_name,dni,active) values('S-C-2A-42000060', 'C-2A', 'Rojas', 'Santino', '42000060', true);
insert into public.students(student_id,course_id,last_name,first_name,dni,active) values('S-C-2A-42000061', 'C-2A', 'Vega', 'Tomás', '42000061', true);
insert into public.students(student_id,course_id,last_name,first_name,dni,active) values('S-C-2A-42000062', 'C-2A', 'Méndez', 'Felipe', '42000062', true);
insert into public.students(student_id,course_id,last_name,first_name,dni,active) values('S-C-2A-42000063', 'C-2A', 'Ponce', 'Nicolás', '42000063', true);
insert into public.students(student_id,course_id,last_name,first_name,dni,active) values('S-C-2A-42000064', 'C-2A', 'Cabrera', 'Bruno', '42000064', true);
insert into public.students(student_id,course_id,last_name,first_name,dni,active) values('S-C-2A-42000065', 'C-2A', 'Figueroa', 'Franco', '42000065', true);
insert into public.students(student_id,course_id,last_name,first_name,dni,active) values('S-C-2A-42000066', 'C-2A', 'Peralta', 'Agustín', '42000066', true);
insert into public.students(student_id,course_id,last_name,first_name,dni,active) values('S-C-2A-42000067', 'C-2A', 'Aguirre', 'Dylan', '42000067', true);
insert into public.students(student_id,course_id,last_name,first_name,dni,active) values('S-C-2A-42000068', 'C-2A', 'González', 'Lautaro', '42000068', true);
insert into public.students(student_id,course_id,last_name,first_name,dni,active) values('S-C-2A-42000069', 'C-2A', 'Rodríguez', 'Ian', '42000069', true);
insert into public.students(student_id,course_id,last_name,first_name,dni,active) values('S-C-2A-42000070', 'C-2A', 'Gómez', 'Ramiro', '42000070', true);
insert into public.students(student_id,course_id,last_name,first_name,dni,active) values('S-C-2A-42000071', 'C-2A', 'Fernández', 'Facundo', '42000071', true);
insert into public.students(student_id,course_id,last_name,first_name,dni,active) values('S-C-2A-42000072', 'C-2A', 'López', 'Bautista', '42000072', true);
insert into public.students(student_id,course_id,last_name,first_name,dni,active) values('S-C-2A-42000073', 'C-2A', 'Martínez', 'Simón', '42000073', true);
insert into public.students(student_id,course_id,last_name,first_name,dni,active) values('S-C-2A-42000074', 'C-2A', 'Pérez', 'Ezequiel', '42000074', true);
insert into public.students(student_id,course_id,last_name,first_name,dni,active) values('S-C-2A-42000075', 'C-2A', 'Sánchez', 'Gael', '42000075', true);
insert into public.students(student_id,course_id,last_name,first_name,dni,active) values('S-C-2A-42000076', 'C-2A', 'Romero', 'Sofía', '42000076', true);
insert into public.students(student_id,course_id,last_name,first_name,dni,active) values('S-C-2A-42000077', 'C-2A', 'Díaz', 'Martina', '42000077', true);
insert into public.students(student_id,course_id,last_name,first_name,dni,active) values('S-C-2A-42000078', 'C-2A', 'Torres', 'Valentina', '42000078', true);
insert into public.students(student_id,course_id,last_name,first_name,dni,active) values('S-C-2A-42000079', 'C-2A', 'Ruiz', 'Camila', '42000079', true);
insert into public.students(student_id,course_id,last_name,first_name,dni,active) values('S-C-2A-42000080', 'C-2A', 'Ramírez', 'Lucía', '42000080', true);
insert into public.students(student_id,course_id,last_name,first_name,dni,active) values('S-C-2A-42000081', 'C-2A', 'Flores', 'Jazmín', '42000081', true);
insert into public.students(student_id,course_id,last_name,first_name,dni,active) values('S-C-2A-42000082', 'C-2A', 'Acosta', 'Mía', '42000082', true);
insert into public.students(student_id,course_id,last_name,first_name,dni,active) values('S-C-2A-42000083', 'C-2A', 'Benítez', 'Emma', '42000083', true);
insert into public.students(student_id,course_id,last_name,first_name,dni,active) values('S-C-2A-42000084', 'C-2A', 'Herrera', 'Catalina', '42000084', true);
insert into public.students(student_id,course_id,last_name,first_name,dni,active) values('S-C-2A-42000085', 'C-2A', 'Medina', 'Abril', '42000085', true);
insert into public.students(student_id,course_id,last_name,first_name,dni,active) values('S-C-2A-42000086', 'C-2A', 'Castro', 'Mateo', '42000086', true);
insert into public.students(student_id,course_id,last_name,first_name,dni,active) values('S-C-2A-42000087', 'C-2A', 'Ortiz', 'Benjamín', '42000087', true);
insert into public.students(student_id,course_id,last_name,first_name,dni,active) values('S-C-2A-42000088', 'C-2A', 'Silva', 'Thiago', '42000088', true);
insert into public.students(student_id,course_id,last_name,first_name,dni,active) values('S-C-2A-42000089', 'C-2A', 'Molina', 'Joaquín', '42000089', true);
insert into public.students(student_id,course_id,last_name,first_name,dni,active) values('S-C-2B-42000090', 'C-2B', 'Fernández', 'Dylan', '42000090', true);
insert into public.students(student_id,course_id,last_name,first_name,dni,active) values('S-C-2B-42000091', 'C-2B', 'López', 'Lautaro', '42000091', true);
insert into public.students(student_id,course_id,last_name,first_name,dni,active) values('S-C-2B-42000092', 'C-2B', 'Martínez', 'Ian', '42000092', true);
insert into public.students(student_id,course_id,last_name,first_name,dni,active) values('S-C-2B-42000093', 'C-2B', 'Pérez', 'Ramiro', '42000093', true);
insert into public.students(student_id,course_id,last_name,first_name,dni,active) values('S-C-2B-42000094', 'C-2B', 'Sánchez', 'Facundo', '42000094', true);
insert into public.students(student_id,course_id,last_name,first_name,dni,active) values('S-C-2B-42000095', 'C-2B', 'Romero', 'Bautista', '42000095', true);
insert into public.students(student_id,course_id,last_name,first_name,dni,active) values('S-C-2B-42000096', 'C-2B', 'Díaz', 'Simón', '42000096', true);
insert into public.students(student_id,course_id,last_name,first_name,dni,active) values('S-C-2B-42000097', 'C-2B', 'Torres', 'Ezequiel', '42000097', true);
insert into public.students(student_id,course_id,last_name,first_name,dni,active) values('S-C-2B-42000098', 'C-2B', 'Ruiz', 'Gael', '42000098', true);
insert into public.students(student_id,course_id,last_name,first_name,dni,active) values('S-C-2B-42000099', 'C-2B', 'Ramírez', 'Sofía', '42000099', true);
insert into public.students(student_id,course_id,last_name,first_name,dni,active) values('S-C-2B-42000100', 'C-2B', 'Flores', 'Martina', '42000100', true);
insert into public.students(student_id,course_id,last_name,first_name,dni,active) values('S-C-2B-42000101', 'C-2B', 'Acosta', 'Valentina', '42000101', true);
insert into public.students(student_id,course_id,last_name,first_name,dni,active) values('S-C-2B-42000102', 'C-2B', 'Benítez', 'Camila', '42000102', true);
insert into public.students(student_id,course_id,last_name,first_name,dni,active) values('S-C-2B-42000103', 'C-2B', 'Herrera', 'Lucía', '42000103', true);
insert into public.students(student_id,course_id,last_name,first_name,dni,active) values('S-C-2B-42000104', 'C-2B', 'Medina', 'Jazmín', '42000104', true);
insert into public.students(student_id,course_id,last_name,first_name,dni,active) values('S-C-2B-42000105', 'C-2B', 'Castro', 'Mía', '42000105', true);
insert into public.students(student_id,course_id,last_name,first_name,dni,active) values('S-C-2B-42000106', 'C-2B', 'Ortiz', 'Emma', '42000106', true);
insert into public.students(student_id,course_id,last_name,first_name,dni,active) values('S-C-2B-42000107', 'C-2B', 'Silva', 'Catalina', '42000107', true);
insert into public.students(student_id,course_id,last_name,first_name,dni,active) values('S-C-2B-42000108', 'C-2B', 'Molina', 'Abril', '42000108', true);
insert into public.students(student_id,course_id,last_name,first_name,dni,active) values('S-C-2B-42000109', 'C-2B', 'Rojas', 'Mateo', '42000109', true);
insert into public.students(student_id,course_id,last_name,first_name,dni,active) values('S-C-2B-42000110', 'C-2B', 'Vega', 'Benjamín', '42000110', true);
insert into public.students(student_id,course_id,last_name,first_name,dni,active) values('S-C-2B-42000111', 'C-2B', 'Méndez', 'Thiago', '42000111', true);
insert into public.students(student_id,course_id,last_name,first_name,dni,active) values('S-C-2B-42000112', 'C-2B', 'Ponce', 'Joaquín', '42000112', true);
insert into public.students(student_id,course_id,last_name,first_name,dni,active) values('S-C-2B-42000113', 'C-2B', 'Cabrera', 'Santino', '42000113', true);
insert into public.students(student_id,course_id,last_name,first_name,dni,active) values('S-C-2B-42000114', 'C-2B', 'Figueroa', 'Tomás', '42000114', true);
insert into public.students(student_id,course_id,last_name,first_name,dni,active) values('S-C-2B-42000115', 'C-2B', 'Peralta', 'Felipe', '42000115', true);
insert into public.students(student_id,course_id,last_name,first_name,dni,active) values('S-C-2B-42000116', 'C-2B', 'Aguirre', 'Nicolás', '42000116', true);
insert into public.students(student_id,course_id,last_name,first_name,dni,active) values('S-C-2B-42000117', 'C-2B', 'González', 'Bruno', '42000117', true);
insert into public.students(student_id,course_id,last_name,first_name,dni,active) values('S-C-2B-42000118', 'C-2B', 'Rodríguez', 'Franco', '42000118', true);
insert into public.students(student_id,course_id,last_name,first_name,dni,active) values('S-C-2B-42000119', 'C-2B', 'Gómez', 'Agustín', '42000119', true);
insert into public.students(student_id,course_id,last_name,first_name,dni,active) values('S-C-3A-42000120', 'C-3A', 'Acosta', 'Ezequiel', '42000120', true);
insert into public.students(student_id,course_id,last_name,first_name,dni,active) values('S-C-3A-42000121', 'C-3A', 'Benítez', 'Gael', '42000121', true);
insert into public.students(student_id,course_id,last_name,first_name,dni,active) values('S-C-3A-42000122', 'C-3A', 'Herrera', 'Sofía', '42000122', true);
insert into public.students(student_id,course_id,last_name,first_name,dni,active) values('S-C-3A-42000123', 'C-3A', 'Medina', 'Martina', '42000123', true);
insert into public.students(student_id,course_id,last_name,first_name,dni,active) values('S-C-3A-42000124', 'C-3A', 'Castro', 'Valentina', '42000124', true);
insert into public.students(student_id,course_id,last_name,first_name,dni,active) values('S-C-3A-42000125', 'C-3A', 'Ortiz', 'Camila', '42000125', true);
insert into public.students(student_id,course_id,last_name,first_name,dni,active) values('S-C-3A-42000126', 'C-3A', 'Silva', 'Lucía', '42000126', true);
insert into public.students(student_id,course_id,last_name,first_name,dni,active) values('S-C-3A-42000127', 'C-3A', 'Molina', 'Jazmín', '42000127', true);
insert into public.students(student_id,course_id,last_name,first_name,dni,active) values('S-C-3A-42000128', 'C-3A', 'Rojas', 'Mía', '42000128', true);
insert into public.students(student_id,course_id,last_name,first_name,dni,active) values('S-C-3A-42000129', 'C-3A', 'Vega', 'Emma', '42000129', true);
insert into public.students(student_id,course_id,last_name,first_name,dni,active) values('S-C-3A-42000130', 'C-3A', 'Méndez', 'Catalina', '42000130', true);
insert into public.students(student_id,course_id,last_name,first_name,dni,active) values('S-C-3A-42000131', 'C-3A', 'Ponce', 'Abril', '42000131', true);
insert into public.students(student_id,course_id,last_name,first_name,dni,active) values('S-C-3A-42000132', 'C-3A', 'Cabrera', 'Mateo', '42000132', true);
insert into public.students(student_id,course_id,last_name,first_name,dni,active) values('S-C-3A-42000133', 'C-3A', 'Figueroa', 'Benjamín', '42000133', true);
insert into public.students(student_id,course_id,last_name,first_name,dni,active) values('S-C-3A-42000134', 'C-3A', 'Peralta', 'Thiago', '42000134', true);
insert into public.students(student_id,course_id,last_name,first_name,dni,active) values('S-C-3A-42000135', 'C-3A', 'Aguirre', 'Joaquín', '42000135', true);
insert into public.students(student_id,course_id,last_name,first_name,dni,active) values('S-C-3A-42000136', 'C-3A', 'González', 'Santino', '42000136', true);
insert into public.students(student_id,course_id,last_name,first_name,dni,active) values('S-C-3A-42000137', 'C-3A', 'Rodríguez', 'Tomás', '42000137', true);
insert into public.students(student_id,course_id,last_name,first_name,dni,active) values('S-C-3A-42000138', 'C-3A', 'Gómez', 'Felipe', '42000138', true);
insert into public.students(student_id,course_id,last_name,first_name,dni,active) values('S-C-3A-42000139', 'C-3A', 'Fernández', 'Nicolás', '42000139', true);
insert into public.students(student_id,course_id,last_name,first_name,dni,active) values('S-C-3A-42000140', 'C-3A', 'López', 'Bruno', '42000140', true);
insert into public.students(student_id,course_id,last_name,first_name,dni,active) values('S-C-3A-42000141', 'C-3A', 'Martínez', 'Franco', '42000141', true);
insert into public.students(student_id,course_id,last_name,first_name,dni,active) values('S-C-3A-42000142', 'C-3A', 'Pérez', 'Agustín', '42000142', true);
insert into public.students(student_id,course_id,last_name,first_name,dni,active) values('S-C-3A-42000143', 'C-3A', 'Sánchez', 'Dylan', '42000143', true);
insert into public.students(student_id,course_id,last_name,first_name,dni,active) values('S-C-3A-42000144', 'C-3A', 'Romero', 'Lautaro', '42000144', true);
insert into public.students(student_id,course_id,last_name,first_name,dni,active) values('S-C-3A-42000145', 'C-3A', 'Díaz', 'Ian', '42000145', true);
insert into public.students(student_id,course_id,last_name,first_name,dni,active) values('S-C-3A-42000146', 'C-3A', 'Torres', 'Ramiro', '42000146', true);
insert into public.students(student_id,course_id,last_name,first_name,dni,active) values('S-C-3A-42000147', 'C-3A', 'Ruiz', 'Facundo', '42000147', true);
insert into public.students(student_id,course_id,last_name,first_name,dni,active) values('S-C-3A-42000148', 'C-3A', 'Ramírez', 'Bautista', '42000148', true);
insert into public.students(student_id,course_id,last_name,first_name,dni,active) values('S-C-3A-42000149', 'C-3A', 'Flores', 'Simón', '42000149', true);
insert into public.students(student_id,course_id,last_name,first_name,dni,active) values('S-C-3B-42000150', 'C-3B', 'Ponce', 'Jazmín', '42000150', true);
insert into public.students(student_id,course_id,last_name,first_name,dni,active) values('S-C-3B-42000151', 'C-3B', 'Cabrera', 'Mía', '42000151', true);
insert into public.students(student_id,course_id,last_name,first_name,dni,active) values('S-C-3B-42000152', 'C-3B', 'Figueroa', 'Emma', '42000152', true);
insert into public.students(student_id,course_id,last_name,first_name,dni,active) values('S-C-3B-42000153', 'C-3B', 'Peralta', 'Catalina', '42000153', true);
insert into public.students(student_id,course_id,last_name,first_name,dni,active) values('S-C-3B-42000154', 'C-3B', 'Aguirre', 'Abril', '42000154', true);
insert into public.students(student_id,course_id,last_name,first_name,dni,active) values('S-C-3B-42000155', 'C-3B', 'González', 'Mateo', '42000155', true);
insert into public.students(student_id,course_id,last_name,first_name,dni,active) values('S-C-3B-42000156', 'C-3B', 'Rodríguez', 'Benjamín', '42000156', true);
insert into public.students(student_id,course_id,last_name,first_name,dni,active) values('S-C-3B-42000157', 'C-3B', 'Gómez', 'Thiago', '42000157', true);
insert into public.students(student_id,course_id,last_name,first_name,dni,active) values('S-C-3B-42000158', 'C-3B', 'Fernández', 'Joaquín', '42000158', true);
insert into public.students(student_id,course_id,last_name,first_name,dni,active) values('S-C-3B-42000159', 'C-3B', 'López', 'Santino', '42000159', true);
insert into public.students(student_id,course_id,last_name,first_name,dni,active) values('S-C-3B-42000160', 'C-3B', 'Martínez', 'Tomás', '42000160', true);
insert into public.students(student_id,course_id,last_name,first_name,dni,active) values('S-C-3B-42000161', 'C-3B', 'Pérez', 'Felipe', '42000161', true);
insert into public.students(student_id,course_id,last_name,first_name,dni,active) values('S-C-3B-42000162', 'C-3B', 'Sánchez', 'Nicolás', '42000162', true);
insert into public.students(student_id,course_id,last_name,first_name,dni,active) values('S-C-3B-42000163', 'C-3B', 'Romero', 'Bruno', '42000163', true);
insert into public.students(student_id,course_id,last_name,first_name,dni,active) values('S-C-3B-42000164', 'C-3B', 'Díaz', 'Franco', '42000164', true);
insert into public.students(student_id,course_id,last_name,first_name,dni,active) values('S-C-3B-42000165', 'C-3B', 'Torres', 'Agustín', '42000165', true);
insert into public.students(student_id,course_id,last_name,first_name,dni,active) values('S-C-3B-42000166', 'C-3B', 'Ruiz', 'Dylan', '42000166', true);
insert into public.students(student_id,course_id,last_name,first_name,dni,active) values('S-C-3B-42000167', 'C-3B', 'Ramírez', 'Lautaro', '42000167', true);
insert into public.students(student_id,course_id,last_name,first_name,dni,active) values('S-C-3B-42000168', 'C-3B', 'Flores', 'Ian', '42000168', true);
insert into public.students(student_id,course_id,last_name,first_name,dni,active) values('S-C-3B-42000169', 'C-3B', 'Acosta', 'Ramiro', '42000169', true);
insert into public.students(student_id,course_id,last_name,first_name,dni,active) values('S-C-3B-42000170', 'C-3B', 'Benítez', 'Facundo', '42000170', true);
insert into public.students(student_id,course_id,last_name,first_name,dni,active) values('S-C-3B-42000171', 'C-3B', 'Herrera', 'Bautista', '42000171', true);
insert into public.students(student_id,course_id,last_name,first_name,dni,active) values('S-C-3B-42000172', 'C-3B', 'Medina', 'Simón', '42000172', true);
insert into public.students(student_id,course_id,last_name,first_name,dni,active) values('S-C-3B-42000173', 'C-3B', 'Castro', 'Ezequiel', '42000173', true);
insert into public.students(student_id,course_id,last_name,first_name,dni,active) values('S-C-3B-42000174', 'C-3B', 'Ortiz', 'Gael', '42000174', true);
insert into public.students(student_id,course_id,last_name,first_name,dni,active) values('S-C-3B-42000175', 'C-3B', 'Silva', 'Sofía', '42000175', true);
insert into public.students(student_id,course_id,last_name,first_name,dni,active) values('S-C-3B-42000176', 'C-3B', 'Molina', 'Martina', '42000176', true);
insert into public.students(student_id,course_id,last_name,first_name,dni,active) values('S-C-3B-42000177', 'C-3B', 'Rojas', 'Valentina', '42000177', true);
insert into public.students(student_id,course_id,last_name,first_name,dni,active) values('S-C-3B-42000178', 'C-3B', 'Vega', 'Camila', '42000178', true);
insert into public.students(student_id,course_id,last_name,first_name,dni,active) values('S-C-3B-42000179', 'C-3B', 'Méndez', 'Lucía', '42000179', true);
insert into public.sessions(session_id,course_id,date,status,created_by,created_at,closed_at) values('SES|C-1B|2026-02-21|REGULAR', 'C-1B', '2026-02-21 00:00:00', 'OPEN', 'U-PREC-1', '2026-02-21T17:40:17.347Z', NULL) on conflict do nothing;
insert into public.sessions(session_id,course_id,date,status,created_by,created_at,closed_at) values('SES|C-1A|2026-02-21|REGULAR', 'C-1A', '2026-02-21 00:00:00', 'CLOSED', 'U-PREC-1', '2026-02-21T17:41:50.819Z', '2026-02-21T18:37:19.404Z') on conflict do nothing;
insert into public.sessions(session_id,course_id,date,status,created_by,created_at,closed_at) values('SES|C-2A|2026-02-21|REGULAR', 'C-2A', '2026-02-21 00:00:00', 'OPEN', 'U-ADMIN-1', '2026-02-21T17:48:55.405Z', NULL) on conflict do nothing;
insert into public.sessions(session_id,course_id,date,status,created_by,created_at,closed_at) values('SES|C-1A|2026-02-19|REGULAR', 'C-1A', '2026-02-19 00:00:00', 'OPEN', 'U-PREC-1', '2026-02-21T18:20:10.219Z', NULL) on conflict do nothing;
insert into public.records(record_id,session_id,course_id,date,student_id,status,justified,justified_by,justified_at,note,updated_at) values('6a3f5e09-e2e1-4873-9db6-f1d0d7904a15', 'SES|C-1B|2026-02-21|REGULAR', 'C-1B', '2026-02-21 00:00:00', 'S-C-1B-42000033', 'PRESENTE', NULL, NULL, NULL, NULL, '2026-02-21T17:42:20.726Z') on conflict do nothing;
insert into public.records(record_id,session_id,course_id,date,student_id,status,justified,justified_by,justified_at,note,updated_at) values('55d78104-6a5b-466a-ba17-49f2ca85b290', 'SES|C-1B|2026-02-21|REGULAR', 'C-1B', '2026-02-21 00:00:00', 'S-C-1B-42000048', 'PRESENTE', NULL, NULL, NULL, NULL, '2026-02-21T17:42:30.379Z') on conflict do nothing;
insert into public.records(record_id,session_id,course_id,date,student_id,status,justified,justified_by,justified_at,note,updated_at) values('d00acfcc-22b7-44d0-ad4c-8e745e65d054', 'SES|C-1B|2026-02-21|REGULAR', 'C-1B', '2026-02-21 00:00:00', 'S-C-1B-42000034', 'VERIFICAR', NULL, NULL, NULL, NULL, '2026-02-21T17:40:32.696Z') on conflict do nothing;
insert into public.records(record_id,session_id,course_id,date,student_id,status,justified,justified_by,justified_at,note,updated_at) values('3f39b9d3-76b1-4ea0-8fb6-3534b56c59e4', 'SES|C-1B|2026-02-21|REGULAR', 'C-1B', '2026-02-21 00:00:00', 'S-C-1B-42000045', 'PRESENTE', NULL, NULL, NULL, NULL, '2026-02-21T17:40:37.781Z') on conflict do nothing;
insert into public.records(record_id,session_id,course_id,date,student_id,status,justified,justified_by,justified_at,note,updated_at) values('b13d0846-011e-4f12-a1c4-b081b477e840', 'SES|C-1B|2026-02-21|REGULAR', 'C-1B', '2026-02-21 00:00:00', 'S-C-1B-42000037', 'AUSENTE', NULL, NULL, NULL, NULL, '2026-02-21T17:40:37.806Z') on conflict do nothing;
insert into public.records(record_id,session_id,course_id,date,student_id,status,justified,justified_by,justified_at,note,updated_at) values('66ed26a0-ff46-45f2-b05a-aa8140277930', 'SES|C-1B|2026-02-21|REGULAR', 'C-1B', '2026-02-21 00:00:00', 'S-C-1B-42000058', 'PRESENTE', NULL, NULL, NULL, NULL, '2026-02-21T17:40:38.729Z') on conflict do nothing;
insert into public.records(record_id,session_id,course_id,date,student_id,status,justified,justified_by,justified_at,note,updated_at) values('f4bf4010-523f-4ceb-bc07-3e847c5d50bb', 'SES|C-1B|2026-02-21|REGULAR', 'C-1B', '2026-02-21 00:00:00', 'S-C-1B-42000052', 'AUSENTE', NULL, NULL, NULL, NULL, '2026-02-21T17:40:39.548Z') on conflict do nothing;
insert into public.records(record_id,session_id,course_id,date,student_id,status,justified,justified_by,justified_at,note,updated_at) values('4d8eeb41-6afa-42d1-8ff5-8ddef0f54c97', 'SES|C-1B|2026-02-21|REGULAR', 'C-1B', '2026-02-21 00:00:00', 'S-C-1B-42000046', 'PRESENTE', NULL, NULL, NULL, NULL, '2026-02-21T17:40:39.787Z') on conflict do nothing;
insert into public.records(record_id,session_id,course_id,date,student_id,status,justified,justified_by,justified_at,note,updated_at) values('cfd39ed9-ff0a-436f-bc3b-052f202e61b7', 'SES|C-1B|2026-02-21|REGULAR', 'C-1B', '2026-02-21 00:00:00', 'S-C-1B-42000032', 'VERIFICAR', NULL, NULL, NULL, NULL, '2026-02-21T17:40:52.271Z') on conflict do nothing;
insert into public.records(record_id,session_id,course_id,date,student_id,status,justified,justified_by,justified_at,note,updated_at) values('c9c3233c-5924-4c15-8da4-eeada9eefed4', 'SES|C-1B|2026-02-21|REGULAR', 'C-1B', '2026-02-21 00:00:00', 'S-C-1B-42000051', 'PRESENTE', NULL, NULL, NULL, NULL, '2026-02-21T17:40:54.862Z') on conflict do nothing;
insert into public.records(record_id,session_id,course_id,date,student_id,status,justified,justified_by,justified_at,note,updated_at) values('e9618e32-676b-42f6-97ca-79042dc8f1a6', 'SES|C-1B|2026-02-21|REGULAR', 'C-1B', '2026-02-21 00:00:00', 'S-C-1B-42000049', 'AUSENTE', NULL, NULL, NULL, NULL, '2026-02-21T17:40:58.558Z') on conflict do nothing;
insert into public.records(record_id,session_id,course_id,date,student_id,status,justified,justified_by,justified_at,note,updated_at) values('1d36238b-c3cd-488a-9416-fd9578ca8d5f', 'SES|C-1B|2026-02-21|REGULAR', 'C-1B', '2026-02-21 00:00:00', 'S-C-1B-42000035', 'VERIFICAR', NULL, NULL, NULL, NULL, '2026-02-21T17:41:02.029Z') on conflict do nothing;
insert into public.records(record_id,session_id,course_id,date,student_id,status,justified,justified_by,justified_at,note,updated_at) values('48eb8fbe-202f-4f7f-be12-e543e7ea4b09', 'SES|C-1B|2026-02-21|REGULAR', 'C-1B', '2026-02-21 00:00:00', 'S-C-1B-42000053', 'VERIFICAR', NULL, NULL, NULL, NULL, '2026-02-21T17:41:04.436Z') on conflict do nothing;
insert into public.records(record_id,session_id,course_id,date,student_id,status,justified,justified_by,justified_at,note,updated_at) values('ccbe2fbc-8cc3-454a-a582-c7af661065ca', 'SES|C-1B|2026-02-21|REGULAR', 'C-1B', '2026-02-21 00:00:00', 'S-C-1B-42000054', 'TARDE', NULL, NULL, NULL, NULL, '2026-02-21T17:41:05.711Z') on conflict do nothing;
insert into public.records(record_id,session_id,course_id,date,student_id,status,justified,justified_by,justified_at,note,updated_at) values('e18a9106-dcae-43b2-bfc6-91df9f3c24d9', 'SES|C-1B|2026-02-21|REGULAR', 'C-1B', '2026-02-21 00:00:00', 'S-C-1B-42000036', 'TARDE', NULL, NULL, NULL, NULL, '2026-02-21T17:41:07.469Z') on conflict do nothing;
insert into public.records(record_id,session_id,course_id,date,student_id,status,justified,justified_by,justified_at,note,updated_at) values('a0455e48-e438-440c-84c0-a6c8f649e7b1', 'SES|C-1B|2026-02-21|REGULAR', 'C-1B', '2026-02-21 00:00:00', 'S-C-1B-42000043', 'TARDE', NULL, NULL, NULL, NULL, '2026-02-21T17:41:07.837Z') on conflict do nothing;
insert into public.records(record_id,session_id,course_id,date,student_id,status,justified,justified_by,justified_at,note,updated_at) values('e68bf696-8f17-4018-b3e0-cafa86ba862d', 'SES|C-1B|2026-02-21|REGULAR', 'C-1B', '2026-02-21 00:00:00', 'S-C-1B-42000040', 'AUSENTE', NULL, NULL, NULL, NULL, '2026-02-21T17:41:08.689Z') on conflict do nothing;
insert into public.records(record_id,session_id,course_id,date,student_id,status,justified,justified_by,justified_at,note,updated_at) values('bd9925d9-44c2-46c1-bacc-7f548a650ba1', 'SES|C-1B|2026-02-21|REGULAR', 'C-1B', '2026-02-21 00:00:00', 'S-C-1B-42000038', 'VERIFICAR', NULL, NULL, NULL, NULL, '2026-02-21T17:41:09.510Z') on conflict do nothing;
insert into public.records(record_id,session_id,course_id,date,student_id,status,justified,justified_by,justified_at,note,updated_at) values('99cd57a6-4eb4-493e-bebb-59cae8965d6c', 'SES|C-1B|2026-02-21|REGULAR', 'C-1B', '2026-02-21 00:00:00', 'S-C-1B-42000047', 'TARDE', NULL, NULL, NULL, NULL, '2026-02-21T17:41:15.043Z') on conflict do nothing;
insert into public.records(record_id,session_id,course_id,date,student_id,status,justified,justified_by,justified_at,note,updated_at) values('1b55ae01-3f4f-42a5-9c9c-825db6372a7f', 'SES|C-1B|2026-02-21|REGULAR', 'C-1B', '2026-02-21 00:00:00', 'S-C-1B-42000055', 'TARDE', NULL, NULL, NULL, NULL, '2026-02-21T17:41:17.210Z') on conflict do nothing;
insert into public.records(record_id,session_id,course_id,date,student_id,status,justified,justified_by,justified_at,note,updated_at) values('cfc9906f-0d8a-40a9-ae72-fe20c5b1efa6', 'SES|C-1B|2026-02-21|REGULAR', 'C-1B', '2026-02-21 00:00:00', 'S-C-1B-42000044', 'PRESENTE', NULL, NULL, NULL, NULL, '2026-02-21T17:41:26.924Z') on conflict do nothing;
insert into public.records(record_id,session_id,course_id,date,student_id,status,justified,justified_by,justified_at,note,updated_at) values('e7279bc9-485a-4078-b86a-3a976f7182a7', 'SES|C-1B|2026-02-21|REGULAR', 'C-1B', '2026-02-21 00:00:00', 'S-C-1B-42000031', 'PRESENTE', NULL, NULL, NULL, NULL, '2026-02-21T17:41:28.544Z') on conflict do nothing;
insert into public.records(record_id,session_id,course_id,date,student_id,status,justified,justified_by,justified_at,note,updated_at) values('a5fa94b4-c2ab-4326-8d19-38a016b588ea', 'SES|C-1B|2026-02-21|REGULAR', 'C-1B', '2026-02-21 00:00:00', 'S-C-1B-42000050', 'PRESENTE', NULL, NULL, NULL, NULL, '2026-02-21T17:41:28.718Z') on conflict do nothing;
insert into public.records(record_id,session_id,course_id,date,student_id,status,justified,justified_by,justified_at,note,updated_at) values('c18fdc88-32f0-4185-981f-afdca24459e8', 'SES|C-1B|2026-02-21|REGULAR', 'C-1B', '2026-02-21 00:00:00', 'S-C-1B-42000041', 'PRESENTE', NULL, NULL, NULL, NULL, '2026-02-21T17:41:29.974Z') on conflict do nothing;
insert into public.records(record_id,session_id,course_id,date,student_id,status,justified,justified_by,justified_at,note,updated_at) values('1018677e-76b4-4e81-a9da-ecfa32c640bf', 'SES|C-1B|2026-02-21|REGULAR', 'C-1B', '2026-02-21 00:00:00', 'S-C-1B-42000057', 'PRESENTE', NULL, NULL, NULL, NULL, '2026-02-21T17:41:30.066Z') on conflict do nothing;
insert into public.records(record_id,session_id,course_id,date,student_id,status,justified,justified_by,justified_at,note,updated_at) values('bd5f3567-4554-4285-9ce5-72aad8f6fb33', 'SES|C-1B|2026-02-21|REGULAR', 'C-1B', '2026-02-21 00:00:00', 'S-C-1B-42000056', 'PRESENTE', NULL, NULL, NULL, NULL, '2026-02-21T17:41:31.761Z') on conflict do nothing;
insert into public.records(record_id,session_id,course_id,date,student_id,status,justified,justified_by,justified_at,note,updated_at) values('7ae3576d-618c-4b1c-9a01-4a6edae0fc6c', 'SES|C-1B|2026-02-21|REGULAR', 'C-1B', '2026-02-21 00:00:00', 'S-C-1B-42000030', 'PRESENTE', NULL, NULL, NULL, NULL, '2026-02-21T17:41:31.989Z') on conflict do nothing;
insert into public.records(record_id,session_id,course_id,date,student_id,status,justified,justified_by,justified_at,note,updated_at) values('f5ccea59-56a9-4965-a41e-58116338e4b7', 'SES|C-1B|2026-02-21|REGULAR', 'C-1B', '2026-02-21 00:00:00', 'S-C-1B-42000039', 'PRESENTE', NULL, NULL, NULL, NULL, '2026-02-21T17:41:33.169Z') on conflict do nothing;
insert into public.records(record_id,session_id,course_id,date,student_id,status,justified,justified_by,justified_at,note,updated_at) values('4ff5d406-1d7b-4a74-b30d-90c3a081d53b', 'SES|C-1B|2026-02-21|REGULAR', 'C-1B', '2026-02-21 00:00:00', 'S-C-1B-42000059', 'PRESENTE', NULL, NULL, NULL, NULL, '2026-02-21T17:41:35.049Z') on conflict do nothing;
insert into public.records(record_id,session_id,course_id,date,student_id,status,justified,justified_by,justified_at,note,updated_at) values('98bf776f-ab05-4cf6-aeb4-b6d38cb8c8a1', 'SES|C-1B|2026-02-21|REGULAR', 'C-1B', '2026-02-21 00:00:00', 'S-C-1B-42000042', 'PRESENTE', NULL, NULL, NULL, NULL, '2026-02-21T17:41:35.738Z') on conflict do nothing;
insert into public.records(record_id,session_id,course_id,date,student_id,status,justified,justified_by,justified_at,note,updated_at) values('62c1c73d-db8d-4b24-9840-50774b39ea00', 'SES|C-1A|2026-02-21|REGULAR', 'C-1A', '2026-02-21 00:00:00', 'S-C-1A-42000015', 'PRESENTE', NULL, NULL, NULL, NULL, '2026-02-21T18:37:07.578Z') on conflict do nothing;
insert into public.records(record_id,session_id,course_id,date,student_id,status,justified,justified_by,justified_at,note,updated_at) values('39a00223-b53e-411a-9978-da2756b57c59', 'SES|C-2A|2026-02-21|REGULAR', 'C-2A', '2026-02-21 00:00:00', 'S-C-2A-42000082', 'PRESENTE', NULL, NULL, NULL, NULL, '2026-02-21T17:49:19.514Z') on conflict do nothing;
insert into public.records(record_id,session_id,course_id,date,student_id,status,justified,justified_by,justified_at,note,updated_at) values('68caf8be-eb09-424a-80ac-c110207c1467', 'SES|C-2A|2026-02-21|REGULAR', 'C-2A', '2026-02-21 00:00:00', 'S-C-2A-42000067', 'AUSENTE', NULL, NULL, NULL, NULL, '2026-02-21T17:49:21.213Z') on conflict do nothing;
insert into public.records(record_id,session_id,course_id,date,student_id,status,justified,justified_by,justified_at,note,updated_at) values('cfceb191-1ac1-4657-9eff-b63e2170207e', 'SES|C-2A|2026-02-21|REGULAR', 'C-2A', '2026-02-21 00:00:00', 'S-C-2A-42000083', 'VERIFICAR', NULL, NULL, NULL, NULL, '2026-02-21T17:49:22.420Z') on conflict do nothing;
insert into public.records(record_id,session_id,course_id,date,student_id,status,justified,justified_by,justified_at,note,updated_at) values('9de21cfc-a09a-4d88-b4cf-e1270ba8f5e8', 'SES|C-2A|2026-02-21|REGULAR', 'C-2A', '2026-02-21 00:00:00', 'S-C-2A-42000064', 'TARDE', NULL, NULL, NULL, NULL, '2026-02-21T17:49:24.309Z') on conflict do nothing;
insert into public.records(record_id,session_id,course_id,date,student_id,status,justified,justified_by,justified_at,note,updated_at) values('b2b50bee-8753-4f52-9a81-46821382cf87', 'SES|C-2A|2026-02-21|REGULAR', 'C-2A', '2026-02-21 00:00:00', 'S-C-2A-42000086', 'VERIFICAR', NULL, NULL, NULL, NULL, '2026-02-21T17:49:25.663Z') on conflict do nothing;
insert into public.records(record_id,session_id,course_id,date,student_id,status,justified,justified_by,justified_at,note,updated_at) values('37c695b3-421d-4a5b-9d6d-0eaaa70e41d7', 'SES|C-2A|2026-02-21|REGULAR', 'C-2A', '2026-02-21 00:00:00', 'S-C-2A-42000077', 'PRESENTE', NULL, NULL, NULL, NULL, '2026-02-21T17:49:26.745Z') on conflict do nothing;
insert into public.records(record_id,session_id,course_id,date,student_id,status,justified,justified_by,justified_at,note,updated_at) values('0b86d79a-3fe8-4623-b3a0-67d22892cf71', 'SES|C-2A|2026-02-21|REGULAR', 'C-2A', '2026-02-21 00:00:00', 'S-C-2A-42000071', 'PRESENTE', NULL, NULL, NULL, NULL, '2026-02-21T17:49:27.827Z') on conflict do nothing;
insert into public.records(record_id,session_id,course_id,date,student_id,status,justified,justified_by,justified_at,note,updated_at) values('9cd1619f-5d07-493f-b140-98457b663ed9', 'SES|C-2A|2026-02-21|REGULAR', 'C-2A', '2026-02-21 00:00:00', 'S-C-2A-42000065', 'PRESENTE', NULL, NULL, NULL, NULL, '2026-02-21T17:49:28.490Z') on conflict do nothing;
insert into public.records(record_id,session_id,course_id,date,student_id,status,justified,justified_by,justified_at,note,updated_at) values('753b4881-ede6-42e3-a6dc-73804189d5de', 'SES|C-1A|2026-02-21|REGULAR', 'C-1A', '2026-02-21 00:00:00', 'S-C-1A-42000014', 'PRESENTE', NULL, NULL, NULL, NULL, '2026-02-21T18:37:06.017Z') on conflict do nothing;
insert into public.records(record_id,session_id,course_id,date,student_id,status,justified,justified_by,justified_at,note,updated_at) values('0c0449c1-20ea-4583-b0c8-db21c7f6c962', 'SES|C-1A|2026-02-21|REGULAR', 'C-1A', '2026-02-21 00:00:00', 'S-C-1A-42000029', 'PRESENTE', NULL, NULL, NULL, NULL, '2026-02-21T18:37:06.352Z') on conflict do nothing;
insert into public.records(record_id,session_id,course_id,date,student_id,status,justified,justified_by,justified_at,note,updated_at) values('301aafc9-0532-4ba7-9518-b8d3682c97c1', 'SES|C-1A|2026-02-21|REGULAR', 'C-1A', '2026-02-21 00:00:00', 'S-C-1A-42000026', 'PRESENTE', NULL, NULL, NULL, NULL, '2026-02-21T18:37:07.552Z') on conflict do nothing;
insert into public.records(record_id,session_id,course_id,date,student_id,status,justified,justified_by,justified_at,note,updated_at) values('9ae02ec2-6944-44a0-9767-b9a006b61233', 'SES|C-1A|2026-02-21|REGULAR', 'C-1A', '2026-02-21 00:00:00', 'S-C-1A-42000018', 'AUSENTE', NULL, NULL, NULL, NULL, '2026-02-21T18:37:07.307Z') on conflict do nothing;
insert into public.records(record_id,session_id,course_id,date,student_id,status,justified,justified_by,justified_at,note,updated_at) values('d114003e-e1aa-4f2d-b3fe-f2bd9219d4e3', 'SES|C-1A|2026-02-21|REGULAR', 'C-1A', '2026-02-21 00:00:00', 'S-C-1A-42000009', 'PRESENTE', NULL, NULL, NULL, NULL, '2026-02-21T18:37:08.704Z') on conflict do nothing;
insert into public.records(record_id,session_id,course_id,date,student_id,status,justified,justified_by,justified_at,note,updated_at) values('d0a3333f-e177-4019-b858-e8a105895c38', 'SES|C-1A|2026-02-21|REGULAR', 'C-1A', '2026-02-21 00:00:00', 'S-C-1A-42000003', 'AUSENTE', NULL, NULL, NULL, NULL, '2026-02-21T18:37:08.732Z') on conflict do nothing;
insert into public.records(record_id,session_id,course_id,date,student_id,status,justified,justified_by,justified_at,note,updated_at) values('1f41b4e1-cd30-4487-ac9e-11eba769a8a0', 'SES|C-1A|2026-02-21|REGULAR', 'C-1A', '2026-02-21 00:00:00', 'S-C-1A-42000027', 'PRESENTE', NULL, NULL, NULL, NULL, '2026-02-21T18:37:08.674Z') on conflict do nothing;
insert into public.records(record_id,session_id,course_id,date,student_id,status,justified,justified_by,justified_at,note,updated_at) values('da6c258a-6534-4cb7-9ddf-9cb41e551adc', 'SES|C-1A|2026-02-21|REGULAR', 'C-1A', '2026-02-21 00:00:00', 'S-C-1A-42000013', 'TARDE', NULL, NULL, NULL, NULL, '2026-02-21T18:37:09.222Z') on conflict do nothing;
insert into public.records(record_id,session_id,course_id,date,student_id,status,justified,justified_by,justified_at,note,updated_at) values('3e21cda2-382a-4fe4-abb6-7f236520e1f1', 'SES|C-1A|2026-02-21|REGULAR', 'C-1A', '2026-02-21 00:00:00', 'S-C-1A-42000002', 'AUSENTE', NULL, NULL, NULL, NULL, '2026-02-21T18:37:09.092Z') on conflict do nothing;
insert into public.records(record_id,session_id,course_id,date,student_id,status,justified,justified_by,justified_at,note,updated_at) values('369560f7-0cd6-4eb4-865b-d3d4acffd9af', 'SES|C-1A|2026-02-21|REGULAR', 'C-1A', '2026-02-21 00:00:00', 'S-C-1A-42000000', 'PRESENTE', NULL, NULL, NULL, NULL, '2026-02-21T18:37:10.180Z') on conflict do nothing;
insert into public.records(record_id,session_id,course_id,date,student_id,status,justified,justified_by,justified_at,note,updated_at) values('c48f331f-90b5-4a78-a3bf-29dbd40300e5', 'SES|C-1A|2026-02-21|REGULAR', 'C-1A', '2026-02-21 00:00:00', 'S-C-1A-42000004', 'AUSENTE', NULL, NULL, NULL, NULL, '2026-02-21T18:37:11.110Z') on conflict do nothing;
insert into public.records(record_id,session_id,course_id,date,student_id,status,justified,justified_by,justified_at,note,updated_at) values('698c0ebf-e4c3-42bd-9601-f10319d6dfc0', 'SES|C-1A|2026-02-21|REGULAR', 'C-1A', '2026-02-21 00:00:00', 'S-C-1A-42000005', 'PRESENTE', NULL, NULL, NULL, NULL, '2026-02-21T18:37:11.105Z') on conflict do nothing;
insert into public.records(record_id,session_id,course_id,date,student_id,status,justified,justified_by,justified_at,note,updated_at) values('5189b60f-c4b2-4210-8528-c49177b35699', 'SES|C-1A|2026-02-21|REGULAR', 'C-1A', '2026-02-21 00:00:00', 'S-C-1A-42000017', 'TARDE', NULL, NULL, NULL, NULL, '2026-02-21T18:37:11.108Z') on conflict do nothing;
insert into public.records(record_id,session_id,course_id,date,student_id,status,justified,justified_by,justified_at,note,updated_at) values('e9cbace4-b405-4552-9fc0-31110500c947', 'SES|C-1A|2026-02-21|REGULAR', 'C-1A', '2026-02-21 00:00:00', 'S-C-1A-42000016', 'TARDE', NULL, NULL, NULL, NULL, '2026-02-21T18:37:10.355Z') on conflict do nothing;
insert into public.records(record_id,session_id,course_id,date,student_id,status,justified,justified_by,justified_at,note,updated_at) values('7487a8fb-0e2c-40a9-9c16-460d1459ecdd', 'SES|C-1A|2026-02-21|REGULAR', 'C-1A', '2026-02-21 00:00:00', 'S-C-1A-42000021', 'PRESENTE', NULL, NULL, NULL, NULL, '2026-02-21T18:37:13.089Z') on conflict do nothing;
insert into public.records(record_id,session_id,course_id,date,student_id,status,justified,justified_by,justified_at,note,updated_at) values('8bfec192-275e-4206-94ad-c9260c2c9925', 'SES|C-1A|2026-02-21|REGULAR', 'C-1A', '2026-02-21 00:00:00', 'S-C-1A-42000019', 'TARDE', NULL, NULL, NULL, NULL, '2026-02-21T18:37:12.778Z') on conflict do nothing;
insert into public.records(record_id,session_id,course_id,date,student_id,status,justified,justified_by,justified_at,note,updated_at) values('e9530617-b4e3-4d81-8976-8662e6e64960', 'SES|C-1A|2026-02-21|REGULAR', 'C-1A', '2026-02-21 00:00:00', 'S-C-1A-42000006', 'PRESENTE', NULL, NULL, NULL, NULL, '2026-02-21T18:37:13.810Z') on conflict do nothing;
insert into public.records(record_id,session_id,course_id,date,student_id,status,justified,justified_by,justified_at,note,updated_at) values('cac02ce6-ddda-4175-8311-2d290319b2b5', 'SES|C-1A|2026-02-21|REGULAR', 'C-1A', '2026-02-21 00:00:00', 'S-C-1A-42000028', 'AUSENTE', NULL, NULL, NULL, NULL, '2026-02-21T18:37:13.644Z') on conflict do nothing;
insert into public.records(record_id,session_id,course_id,date,student_id,status,justified,justified_by,justified_at,note,updated_at) values('c667ea81-5a9e-4a1a-b2fe-db0f5c010968', 'SES|C-1A|2026-02-21|REGULAR', 'C-1A', '2026-02-21 00:00:00', 'S-C-1A-42000025', 'TARDE', NULL, NULL, NULL, NULL, '2026-02-21T18:37:13.603Z') on conflict do nothing;
insert into public.records(record_id,session_id,course_id,date,student_id,status,justified,justified_by,justified_at,note,updated_at) values('554f1c87-36d7-437d-870d-7a30ab3d37ad', 'SES|C-1A|2026-02-21|REGULAR', 'C-1A', '2026-02-21 00:00:00', 'S-C-1A-42000001', 'VERIFICAR', NULL, NULL, NULL, NULL, '2026-02-21T18:37:15.869Z') on conflict do nothing;
insert into public.records(record_id,session_id,course_id,date,student_id,status,justified,justified_by,justified_at,note,updated_at) values('dab1b39c-ef89-4b86-a494-3f136ff8aaa7', 'SES|C-1A|2026-02-21|REGULAR', 'C-1A', '2026-02-21 00:00:00', 'S-C-1A-42000022', 'TARDE', NULL, NULL, NULL, NULL, '2026-02-21T18:37:15.340Z') on conflict do nothing;
insert into public.records(record_id,session_id,course_id,date,student_id,status,justified,justified_by,justified_at,note,updated_at) values('37eaa81d-9016-46a0-9b9b-dd26a988fa86', 'SES|C-1A|2026-02-21|REGULAR', 'C-1A', '2026-02-21 00:00:00', 'S-C-1A-42000011', 'AUSENTE', NULL, NULL, NULL, NULL, '2026-02-21T18:37:15.277Z') on conflict do nothing;
insert into public.records(record_id,session_id,course_id,date,student_id,status,justified,justified_by,justified_at,note,updated_at) values('5f2c74b0-4285-46ec-b9bd-48f9f4cb5a76', 'SES|C-1A|2026-02-21|REGULAR', 'C-1A', '2026-02-21 00:00:00', 'S-C-1A-42000007', 'VERIFICAR', NULL, NULL, NULL, NULL, '2026-02-21T18:37:16.660Z') on conflict do nothing;
insert into public.records(record_id,session_id,course_id,date,student_id,status,justified,justified_by,justified_at,note,updated_at) values('be767b03-85b5-463b-bffe-ccec6bff34cd', 'SES|C-1A|2026-02-21|REGULAR', 'C-1A', '2026-02-21 00:00:00', 'S-C-1A-42000008', 'TARDE', NULL, NULL, NULL, NULL, '2026-02-21T18:37:15.259Z') on conflict do nothing;
insert into public.records(record_id,session_id,course_id,date,student_id,status,justified,justified_by,justified_at,note,updated_at) values('c3f9be58-dbc8-4a8b-b7be-6a28ba767605', 'SES|C-1A|2026-02-21|REGULAR', 'C-1A', '2026-02-21 00:00:00', 'S-C-1A-42000020', 'PRESENTE', NULL, NULL, NULL, NULL, '2026-02-21T18:37:17.308Z') on conflict do nothing;
insert into public.records(record_id,session_id,course_id,date,student_id,status,justified,justified_by,justified_at,note,updated_at) values('d89d8127-5e18-4439-892d-8ea00a5e539f', 'SES|C-1A|2026-02-21|REGULAR', 'C-1A', '2026-02-21 00:00:00', 'S-C-1A-42000023', 'PRESENTE', NULL, NULL, NULL, NULL, '2026-02-21T17:56:19.405Z') on conflict do nothing;
insert into public.records(record_id,session_id,course_id,date,student_id,status,justified,justified_by,justified_at,note,updated_at) values('a64349b2-6112-40f4-8805-2a1f28f849df', 'SES|C-1A|2026-02-21|REGULAR', 'C-1A', '2026-02-21 00:00:00', 'S-C-1A-42000010', 'TARDE', NULL, NULL, NULL, NULL, '2026-02-21T18:37:18.012Z') on conflict do nothing;
insert into public.records(record_id,session_id,course_id,date,student_id,status,justified,justified_by,justified_at,note,updated_at) values('9f2823a7-ef5f-49fd-a724-8134e4ac7e0a', 'SES|C-1A|2026-02-21|REGULAR', 'C-1A', '2026-02-21 00:00:00', 'S-C-1A-42000024', 'AUSENTE', NULL, NULL, NULL, NULL, '2026-02-21T18:37:10.933Z') on conflict do nothing;
insert into public.records(record_id,session_id,course_id,date,student_id,status,justified,justified_by,justified_at,note,updated_at) values('2b756c93-d9f3-44e9-925d-c39ede237b83', 'SES|C-1A|2026-02-21|REGULAR', 'C-1A', '2026-02-21 00:00:00', 'S-C-1A-42000012', 'VERIFICAR', NULL, NULL, NULL, NULL, '2026-02-21T18:37:14.846Z') on conflict do nothing;
insert into public.records(record_id,session_id,course_id,date,student_id,status,justified,justified_by,justified_at,note,updated_at) values('b076ec4d-b325-4cb5-b959-78503cd07b22', 'SES|C-1A|2026-02-19|REGULAR', 'C-1A', '2026-02-19 00:00:00', 'S-C-1A-42000013', 'PRESENTE', NULL, NULL, NULL, NULL, '2026-02-21T18:20:23.253Z') on conflict do nothing;
insert into public.records(record_id,session_id,course_id,date,student_id,status,justified,justified_by,justified_at,note,updated_at) values('bb5971cb-1a1f-4460-8dfe-33b857cacbeb', 'SES|C-1A|2026-02-19|REGULAR', 'C-1A', '2026-02-19 00:00:00', 'S-C-1A-42000027', 'PRESENTE', NULL, NULL, NULL, NULL, '2026-02-21T18:20:22.389Z') on conflict do nothing;
insert into public.records(record_id,session_id,course_id,date,student_id,status,justified,justified_by,justified_at,note,updated_at) values('54ed1135-9c43-46d4-832c-ccb003d25587', 'SES|C-1A|2026-02-19|REGULAR', 'C-1A', '2026-02-19 00:00:00', 'S-C-1A-42000002', 'PRESENTE', NULL, NULL, NULL, NULL, '2026-02-21T18:20:23.207Z') on conflict do nothing;
insert into public.records(record_id,session_id,course_id,date,student_id,status,justified,justified_by,justified_at,note,updated_at) values('116e27ab-53d9-4356-bcdd-c7360541b5c8', 'SES|C-1A|2026-02-19|REGULAR', 'C-1A', '2026-02-19 00:00:00', 'S-C-1A-42000014', 'PRESENTE', NULL, NULL, NULL, NULL, '2026-02-21T18:20:18.474Z') on conflict do nothing;
insert into public.records(record_id,session_id,course_id,date,student_id,status,justified,justified_by,justified_at,note,updated_at) values('1d841935-5d9d-4717-a3dd-df1413dc7573', 'SES|C-1A|2026-02-19|REGULAR', 'C-1A', '2026-02-19 00:00:00', 'S-C-1A-42000029', 'PRESENTE', NULL, NULL, NULL, NULL, '2026-02-21T18:20:19.297Z') on conflict do nothing;
insert into public.records(record_id,session_id,course_id,date,student_id,status,justified,justified_by,justified_at,note,updated_at) values('61f02cde-72c8-46e2-9904-b6c1d9e52d08', 'SES|C-1A|2026-02-19|REGULAR', 'C-1A', '2026-02-19 00:00:00', 'S-C-1A-42000015', 'PRESENTE', NULL, NULL, NULL, NULL, '2026-02-21T18:20:19.981Z') on conflict do nothing;
insert into public.records(record_id,session_id,course_id,date,student_id,status,justified,justified_by,justified_at,note,updated_at) values('a0c1a685-d7b4-4860-9ea0-c47633955371', 'SES|C-1A|2026-02-19|REGULAR', 'C-1A', '2026-02-19 00:00:00', 'S-C-1A-42000026', 'PRESENTE', NULL, NULL, NULL, NULL, '2026-02-21T18:20:20.528Z') on conflict do nothing;
insert into public.records(record_id,session_id,course_id,date,student_id,status,justified,justified_by,justified_at,note,updated_at) values('f921a6c2-d35e-49a2-953a-73a6f2e301e5', 'SES|C-1A|2026-02-19|REGULAR', 'C-1A', '2026-02-19 00:00:00', 'S-C-1A-42000009', 'PRESENTE', NULL, NULL, NULL, NULL, '2026-02-21T18:20:21.290Z') on conflict do nothing;
insert into public.records(record_id,session_id,course_id,date,student_id,status,justified,justified_by,justified_at,note,updated_at) values('deb3a7e2-6733-4ebf-8ba3-155ccacecd14', 'SES|C-1A|2026-02-19|REGULAR', 'C-1A', '2026-02-19 00:00:00', 'S-C-1A-42000018', 'PRESENTE', NULL, NULL, NULL, NULL, '2026-02-21T18:20:21.583Z') on conflict do nothing;
insert into public.records(record_id,session_id,course_id,date,student_id,status,justified,justified_by,justified_at,note,updated_at) values('0e66e08d-68c0-4351-b4d8-d3485838bc67', 'SES|C-1A|2026-02-19|REGULAR', 'C-1A', '2026-02-19 00:00:00', 'S-C-1A-42000003', 'PRESENTE', NULL, NULL, NULL, NULL, '2026-02-21T18:20:21.642Z') on conflict do nothing;
insert into public.records(record_id,session_id,course_id,date,student_id,status,justified,justified_by,justified_at,note,updated_at) values('60b3f67e-1e79-4ba0-8eab-08b344b29674', 'SES|C-1A|2026-02-19|REGULAR', 'C-1A', '2026-02-19 00:00:00', 'S-C-1A-42000004', 'PRESENTE', NULL, NULL, NULL, NULL, '2026-02-21T18:20:24.467Z') on conflict do nothing;
insert into public.records(record_id,session_id,course_id,date,student_id,status,justified,justified_by,justified_at,note,updated_at) values('e59c1f12-8ea2-479c-8be7-a41d13f0aa24', 'SES|C-1A|2026-02-19|REGULAR', 'C-1A', '2026-02-19 00:00:00', 'S-C-1A-42000000', 'PRESENTE', NULL, NULL, NULL, NULL, '2026-02-21T18:20:24.731Z') on conflict do nothing;
insert into public.records(record_id,session_id,course_id,date,student_id,status,justified,justified_by,justified_at,note,updated_at) values('0114c57f-62bb-40d9-ac27-93e4928fa3e1', 'SES|C-1A|2026-02-19|REGULAR', 'C-1A', '2026-02-19 00:00:00', 'S-C-1A-42000016', 'PRESENTE', NULL, NULL, NULL, NULL, '2026-02-21T18:20:25.011Z') on conflict do nothing;
insert into public.records(record_id,session_id,course_id,date,student_id,status,justified,justified_by,justified_at,note,updated_at) values('7679052d-580e-4f24-9c8d-60bc6e6283ce', 'SES|C-1A|2026-02-19|REGULAR', 'C-1A', '2026-02-19 00:00:00', 'S-C-1A-42000005', 'PRESENTE', NULL, NULL, NULL, NULL, '2026-02-21T18:20:25.455Z') on conflict do nothing;
insert into public.records(record_id,session_id,course_id,date,student_id,status,justified,justified_by,justified_at,note,updated_at) values('f4bb1481-4be9-4a10-b796-7d94dde2aaa3', 'SES|C-1A|2026-02-19|REGULAR', 'C-1A', '2026-02-19 00:00:00', 'S-C-1A-42000017', 'PRESENTE', NULL, NULL, NULL, NULL, '2026-02-21T18:20:25.513Z') on conflict do nothing;
insert into public.records(record_id,session_id,course_id,date,student_id,status,justified,justified_by,justified_at,note,updated_at) values('c0df036f-f8bd-4308-b5b1-7bdd53388d9e', 'SES|C-1A|2026-02-19|REGULAR', 'C-1A', '2026-02-19 00:00:00', 'S-C-1A-42000021', 'AUSENTE', NULL, NULL, NULL, NULL, '2026-02-21T18:20:26.270Z') on conflict do nothing;
insert into public.records(record_id,session_id,course_id,date,student_id,status,justified,justified_by,justified_at,note,updated_at) values('599d70f3-0806-4237-9597-1da974815c12', 'SES|C-1A|2026-02-19|REGULAR', 'C-1A', '2026-02-19 00:00:00', 'S-C-1A-42000024', 'PRESENTE', NULL, NULL, NULL, NULL, '2026-02-21T18:20:26.689Z') on conflict do nothing;
insert into public.records(record_id,session_id,course_id,date,student_id,status,justified,justified_by,justified_at,note,updated_at) values('b866afb0-8714-4db4-b3a6-17dd32e2fa70', 'SES|C-1A|2026-02-19|REGULAR', 'C-1A', '2026-02-19 00:00:00', 'S-C-1A-42000019', 'AUSENTE', NULL, NULL, NULL, NULL, '2026-02-21T18:20:26.890Z') on conflict do nothing;
insert into public.records(record_id,session_id,course_id,date,student_id,status,justified,justified_by,justified_at,note,updated_at) values('4d64f84e-b1fe-4543-88d1-065ecc605e25', 'SES|C-1A|2026-02-19|REGULAR', 'C-1A', '2026-02-19 00:00:00', 'S-C-1A-42000028', 'AUSENTE', NULL, NULL, NULL, NULL, '2026-02-21T18:20:27.448Z') on conflict do nothing;
insert into public.records(record_id,session_id,course_id,date,student_id,status,justified,justified_by,justified_at,note,updated_at) values('97dd9372-6974-4de0-a638-fef52b56d804', 'SES|C-1A|2026-02-19|REGULAR', 'C-1A', '2026-02-19 00:00:00', 'S-C-1A-42000025', 'TARDE', NULL, NULL, NULL, NULL, '2026-02-21T18:20:27.643Z') on conflict do nothing;
insert into public.records(record_id,session_id,course_id,date,student_id,status,justified,justified_by,justified_at,note,updated_at) values('5e993704-44e8-4c13-8045-0f08f1b484fe', 'SES|C-1A|2026-02-19|REGULAR', 'C-1A', '2026-02-19 00:00:00', 'S-C-1A-42000006', 'TARDE', NULL, NULL, NULL, NULL, '2026-02-21T18:20:28.376Z') on conflict do nothing;
insert into public.records(record_id,session_id,course_id,date,student_id,status,justified,justified_by,justified_at,note,updated_at) values('85847f68-b95f-4aa6-a73e-d0dfa69aba46', 'SES|C-1A|2026-02-19|REGULAR', 'C-1A', '2026-02-19 00:00:00', 'S-C-1A-42000001', 'VERIFICAR', NULL, NULL, NULL, NULL, '2026-02-21T18:20:28.900Z') on conflict do nothing;
insert into public.records(record_id,session_id,course_id,date,student_id,status,justified,justified_by,justified_at,note,updated_at) values('2aca40d6-5827-48af-9604-3454bb47e021', 'SES|C-1A|2026-02-19|REGULAR', 'C-1A', '2026-02-19 00:00:00', 'S-C-1A-42000011', 'VERIFICAR', NULL, NULL, NULL, NULL, '2026-02-21T18:20:30.077Z') on conflict do nothing;
insert into public.records(record_id,session_id,course_id,date,student_id,status,justified,justified_by,justified_at,note,updated_at) values('9b60cb58-ec8c-4b8d-bfd7-5e0b73025d9c', 'SES|C-1A|2026-02-19|REGULAR', 'C-1A', '2026-02-19 00:00:00', 'S-C-1A-42000008', 'VERIFICAR', NULL, NULL, NULL, NULL, '2026-02-21T18:20:30.399Z') on conflict do nothing;
insert into public.records(record_id,session_id,course_id,date,student_id,status,justified,justified_by,justified_at,note,updated_at) values('6a59f36b-cf28-496e-a39c-1c58599eb69e', 'SES|C-1A|2026-02-19|REGULAR', 'C-1A', '2026-02-19 00:00:00', 'S-C-1A-42000007', 'VERIFICAR', NULL, NULL, NULL, NULL, '2026-02-21T18:20:30.619Z') on conflict do nothing;
insert into public.records(record_id,session_id,course_id,date,student_id,status,justified,justified_by,justified_at,note,updated_at) values('a3c99b13-7370-4698-9155-a95e044a8e70', 'SES|C-1A|2026-02-19|REGULAR', 'C-1A', '2026-02-19 00:00:00', 'S-C-1A-42000010', 'VERIFICAR', NULL, NULL, NULL, NULL, '2026-02-21T18:20:31.645Z') on conflict do nothing;
insert into public.records(record_id,session_id,course_id,date,student_id,status,justified,justified_by,justified_at,note,updated_at) values('d2a3ccde-3603-404e-82c9-b4d24457d57b', 'SES|C-1A|2026-02-19|REGULAR', 'C-1A', '2026-02-19 00:00:00', 'S-C-1A-42000022', 'VERIFICAR', NULL, NULL, NULL, NULL, '2026-02-21T18:20:32.393Z') on conflict do nothing;
insert into public.audit(ts,user_id,action,payload) values('2026-02-21T17:39:52.589Z', 'U-PREC-1', 'login', '{"email":"preceptor1@demo.edu.ar"}'::jsonb);
insert into public.audit(ts,user_id,action,payload) values('2026-02-21T17:39:55.110Z', 'U-PREC-1', 'login', '{"email":"preceptor1@demo.edu.ar"}'::jsonb);
insert into public.audit(ts,user_id,action,payload) values('2026-02-21T17:40:18.123Z', 'U-PREC-1', 'create_session', '{"session_id":"SES|C-1B|2026-02-21|REGULAR","course_id":"C-1B","date":"2026-02-21","context":"REGULAR"}'::jsonb);
insert into public.audit(ts,user_id,action,payload) values('2026-02-21T17:40:30.862Z', 'U-PREC-1', 'create_record', '{"session_id":"SES|C-1B|2026-02-21|REGULAR","student_id":"S-C-1B-42000033","status":"TARDE","note":""}'::jsonb);
insert into public.audit(ts,user_id,action,payload) values('2026-02-21T17:40:31.542Z', 'U-PREC-1', 'create_record', '{"session_id":"SES|C-1B|2026-02-21|REGULAR","student_id":"S-C-1B-42000048","status":"TARDE","note":""}'::jsonb);
insert into public.audit(ts,user_id,action,payload) values('2026-02-21T17:40:32.997Z', 'U-PREC-1', 'create_record', '{"session_id":"SES|C-1B|2026-02-21|REGULAR","student_id":"S-C-1B-42000034","status":"VERIFICAR","note":""}'::jsonb);
insert into public.audit(ts,user_id,action,payload) values('2026-02-21T17:40:38.387Z', 'U-PREC-1', 'create_record', '{"session_id":"SES|C-1B|2026-02-21|REGULAR","student_id":"S-C-1B-42000045","status":"PRESENTE","note":""}'::jsonb);
insert into public.audit(ts,user_id,action,payload) values('2026-02-21T17:40:38.473Z', 'U-PREC-1', 'create_record', '{"session_id":"SES|C-1B|2026-02-21|REGULAR","student_id":"S-C-1B-42000037","status":"AUSENTE","note":""}'::jsonb);
insert into public.audit(ts,user_id,action,payload) values('2026-02-21T17:40:39.076Z', 'U-PREC-1', 'create_record', '{"session_id":"SES|C-1B|2026-02-21|REGULAR","student_id":"S-C-1B-42000058","status":"PRESENTE","note":""}'::jsonb);
insert into public.audit(ts,user_id,action,payload) values('2026-02-21T17:40:40.028Z', 'U-PREC-1', 'create_record', '{"session_id":"SES|C-1B|2026-02-21|REGULAR","student_id":"S-C-1B-42000052","status":"AUSENTE","note":""}'::jsonb);
insert into public.audit(ts,user_id,action,payload) values('2026-02-21T17:40:40.083Z', 'U-PREC-1', 'create_record', '{"session_id":"SES|C-1B|2026-02-21|REGULAR","student_id":"S-C-1B-42000046","status":"PRESENTE","note":""}'::jsonb);
insert into public.audit(ts,user_id,action,payload) values('2026-02-21T17:40:52.540Z', 'U-PREC-1', 'create_record', '{"session_id":"SES|C-1B|2026-02-21|REGULAR","student_id":"S-C-1B-42000032","status":"VERIFICAR","note":""}'::jsonb);
insert into public.audit(ts,user_id,action,payload) values('2026-02-21T17:40:55.177Z', 'U-PREC-1', 'create_record', '{"session_id":"SES|C-1B|2026-02-21|REGULAR","student_id":"S-C-1B-42000051","status":"PRESENTE","note":""}'::jsonb);
insert into public.audit(ts,user_id,action,payload) values('2026-02-21T17:40:59.047Z', 'U-PREC-1', 'create_record', '{"session_id":"SES|C-1B|2026-02-21|REGULAR","student_id":"S-C-1B-42000049","status":"AUSENTE","note":""}'::jsonb);
insert into public.audit(ts,user_id,action,payload) values('2026-02-21T17:41:02.857Z', 'U-PREC-1', 'create_record', '{"session_id":"SES|C-1B|2026-02-21|REGULAR","student_id":"S-C-1B-42000035","status":"VERIFICAR","note":""}'::jsonb);
insert into public.audit(ts,user_id,action,payload) values('2026-02-21T17:41:04.710Z', 'U-PREC-1', 'create_record', '{"session_id":"SES|C-1B|2026-02-21|REGULAR","student_id":"S-C-1B-42000053","status":"VERIFICAR","note":""}'::jsonb);
insert into public.audit(ts,user_id,action,payload) values('2026-02-21T17:41:06.021Z', 'U-PREC-1', 'create_record', '{"session_id":"SES|C-1B|2026-02-21|REGULAR","student_id":"S-C-1B-42000054","status":"TARDE","note":""}'::jsonb);
insert into public.audit(ts,user_id,action,payload) values('2026-02-21T17:41:08.067Z', 'U-PREC-1', 'create_record', '{"session_id":"SES|C-1B|2026-02-21|REGULAR","student_id":"S-C-1B-42000036","status":"TARDE","note":""}'::jsonb);
insert into public.audit(ts,user_id,action,payload) values('2026-02-21T17:41:08.333Z', 'U-PREC-1', 'create_record', '{"session_id":"SES|C-1B|2026-02-21|REGULAR","student_id":"S-C-1B-42000043","status":"TARDE","note":""}'::jsonb);
insert into public.audit(ts,user_id,action,payload) values('2026-02-21T17:41:08.979Z', 'U-PREC-1', 'create_record', '{"session_id":"SES|C-1B|2026-02-21|REGULAR","student_id":"S-C-1B-42000040","status":"AUSENTE","note":""}'::jsonb);
insert into public.audit(ts,user_id,action,payload) values('2026-02-21T17:41:10.366Z', 'U-PREC-1', 'create_record', '{"session_id":"SES|C-1B|2026-02-21|REGULAR","student_id":"S-C-1B-42000038","status":"VERIFICAR","note":""}'::jsonb);
insert into public.audit(ts,user_id,action,payload) values('2026-02-21T17:41:15.313Z', 'U-PREC-1', 'create_record', '{"session_id":"SES|C-1B|2026-02-21|REGULAR","student_id":"S-C-1B-42000047","status":"TARDE","note":""}'::jsonb);
insert into public.audit(ts,user_id,action,payload) values('2026-02-21T17:41:17.541Z', 'U-PREC-1', 'create_record', '{"session_id":"SES|C-1B|2026-02-21|REGULAR","student_id":"S-C-1B-42000055","status":"TARDE","note":""}'::jsonb);
insert into public.audit(ts,user_id,action,payload) values('2026-02-21T17:41:27.235Z', 'U-PREC-1', 'create_record', '{"session_id":"SES|C-1B|2026-02-21|REGULAR","student_id":"S-C-1B-42000044","status":"PRESENTE","note":""}'::jsonb);
insert into public.audit(ts,user_id,action,payload) values('2026-02-21T17:41:28.970Z', 'U-PREC-1', 'create_record', '{"session_id":"SES|C-1B|2026-02-21|REGULAR","student_id":"S-C-1B-42000050","status":"PRESENTE","note":""}'::jsonb);
insert into public.audit(ts,user_id,action,payload) values('2026-02-21T17:41:28.923Z', 'U-PREC-1', 'create_record', '{"session_id":"SES|C-1B|2026-02-21|REGULAR","student_id":"S-C-1B-42000031","status":"PRESENTE","note":""}'::jsonb);
insert into public.audit(ts,user_id,action,payload) values('2026-02-21T17:41:30.437Z', 'U-PREC-1', 'create_record', '{"session_id":"SES|C-1B|2026-02-21|REGULAR","student_id":"S-C-1B-42000041","status":"PRESENTE","note":""}'::jsonb);
insert into public.audit(ts,user_id,action,payload) values('2026-02-21T17:41:30.641Z', 'U-PREC-1', 'create_record', '{"session_id":"SES|C-1B|2026-02-21|REGULAR","student_id":"S-C-1B-42000057","status":"PRESENTE","note":""}'::jsonb);
insert into public.audit(ts,user_id,action,payload) values('2026-02-21T17:41:32.293Z', 'U-PREC-1', 'create_record', '{"session_id":"SES|C-1B|2026-02-21|REGULAR","student_id":"S-C-1B-42000056","status":"PRESENTE","note":""}'::jsonb);
insert into public.audit(ts,user_id,action,payload) values('2026-02-21T17:41:32.476Z', 'U-PREC-1', 'create_record', '{"session_id":"SES|C-1B|2026-02-21|REGULAR","student_id":"S-C-1B-42000030","status":"PRESENTE","note":""}'::jsonb);
insert into public.audit(ts,user_id,action,payload) values('2026-02-21T17:41:33.425Z', 'U-PREC-1', 'create_record', '{"session_id":"SES|C-1B|2026-02-21|REGULAR","student_id":"S-C-1B-42000039","status":"PRESENTE","note":""}'::jsonb);
insert into public.audit(ts,user_id,action,payload) values('2026-02-21T17:41:35.536Z', 'U-PREC-1', 'create_record', '{"session_id":"SES|C-1B|2026-02-21|REGULAR","student_id":"S-C-1B-42000059","status":"PRESENTE","note":""}'::jsonb);
insert into public.audit(ts,user_id,action,payload) values('2026-02-21T17:41:36.121Z', 'U-PREC-1', 'create_record', '{"session_id":"SES|C-1B|2026-02-21|REGULAR","student_id":"S-C-1B-42000042","status":"PRESENTE","note":""}'::jsonb);
insert into public.audit(ts,user_id,action,payload) values('2026-02-21T17:41:47.230Z', 'U-PREC-1', 'login', '{"email":"preceptor1@demo.edu.ar"}'::jsonb);
insert into public.audit(ts,user_id,action,payload) values('2026-02-21T17:41:51.260Z', 'U-PREC-1', 'create_session', '{"session_id":"SES|C-1A|2026-02-21|REGULAR","course_id":"C-1A","date":"2026-02-21","context":"REGULAR"}'::jsonb);
insert into public.audit(ts,user_id,action,payload) values('2026-02-21T17:42:21.106Z', 'U-PREC-1', 'update_record', '{"session_id":"SES|C-1B|2026-02-21|REGULAR","student_id":"S-C-1B-42000033","status":"PRESENTE","note":""}'::jsonb);
insert into public.audit(ts,user_id,action,payload) values('2026-02-21T17:42:30.662Z', 'U-PREC-1', 'update_record', '{"session_id":"SES|C-1B|2026-02-21|REGULAR","student_id":"S-C-1B-42000048","status":"PRESENTE","note":""}'::jsonb);
insert into public.audit(ts,user_id,action,payload) values('2026-02-21T17:43:14.101Z', 'U-PREC-1', 'create_record', '{"session_id":"SES|C-1A|2026-02-21|REGULAR","student_id":"S-C-1A-42000015","status":"PRESENTE","note":""}'::jsonb);
insert into public.audit(ts,user_id,action,payload) values('2026-02-21T17:45:25.120Z', 'U-PREC-1', 'login', '{"email":"preceptor1@demo.edu.ar"}'::jsonb);
insert into public.audit(ts,user_id,action,payload) values('2026-02-21T17:48:29.553Z', 'U-ADMIN-1', 'login', '{"email":"admin1@demo.edu.ar"}'::jsonb);
insert into public.audit(ts,user_id,action,payload) values('2026-02-21T17:48:55.950Z', 'U-ADMIN-1', 'create_session', '{"session_id":"SES|C-2A|2026-02-21|REGULAR","course_id":"C-2A","date":"2026-02-21","context":"REGULAR"}'::jsonb);
insert into public.audit(ts,user_id,action,payload) values('2026-02-21T17:49:19.799Z', 'U-ADMIN-1', 'create_record', '{"session_id":"SES|C-2A|2026-02-21|REGULAR","student_id":"S-C-2A-42000082","status":"PRESENTE","note":""}'::jsonb);
insert into public.audit(ts,user_id,action,payload) values('2026-02-21T17:49:21.527Z', 'U-ADMIN-1', 'create_record', '{"session_id":"SES|C-2A|2026-02-21|REGULAR","student_id":"S-C-2A-42000067","status":"AUSENTE","note":""}'::jsonb);
insert into public.audit(ts,user_id,action,payload) values('2026-02-21T17:49:22.660Z', 'U-ADMIN-1', 'create_record', '{"session_id":"SES|C-2A|2026-02-21|REGULAR","student_id":"S-C-2A-42000083","status":"VERIFICAR","note":""}'::jsonb);
insert into public.audit(ts,user_id,action,payload) values('2026-02-21T17:49:24.651Z', 'U-ADMIN-1', 'create_record', '{"session_id":"SES|C-2A|2026-02-21|REGULAR","student_id":"S-C-2A-42000064","status":"TARDE","note":""}'::jsonb);
insert into public.audit(ts,user_id,action,payload) values('2026-02-21T17:49:25.948Z', 'U-ADMIN-1', 'create_record', '{"session_id":"SES|C-2A|2026-02-21|REGULAR","student_id":"S-C-2A-42000086","status":"VERIFICAR","note":""}'::jsonb);
insert into public.audit(ts,user_id,action,payload) values('2026-02-21T17:49:27.377Z', 'U-ADMIN-1', 'create_record', '{"session_id":"SES|C-2A|2026-02-21|REGULAR","student_id":"S-C-2A-42000077","status":"PRESENTE","note":""}'::jsonb);
insert into public.audit(ts,user_id,action,payload) values('2026-02-21T17:49:28.073Z', 'U-ADMIN-1', 'create_record', '{"session_id":"SES|C-2A|2026-02-21|REGULAR","student_id":"S-C-2A-42000071","status":"PRESENTE","note":""}'::jsonb);
insert into public.audit(ts,user_id,action,payload) values('2026-02-21T17:49:29.072Z', 'U-ADMIN-1', 'create_record', '{"session_id":"SES|C-2A|2026-02-21|REGULAR","student_id":"S-C-2A-42000065","status":"PRESENTE","note":""}'::jsonb);
insert into public.audit(ts,user_id,action,payload) values('2026-02-21T17:52:28.390Z', 'U-PREC-1', 'login', '{"email":"preceptor1@demo.edu.ar"}'::jsonb);
insert into public.audit(ts,user_id,action,payload) values('2026-02-21T17:55:42.838Z', 'U-PREC-1', 'create_record', '{"session_id":"SES|C-1A|2026-02-21|REGULAR","student_id":"S-C-1A-42000014","status":"PRESENTE","note":""}'::jsonb);
insert into public.audit(ts,user_id,action,payload) values('2026-02-21T17:55:43.883Z', 'U-PREC-1', 'create_record', '{"session_id":"SES|C-1A|2026-02-21|REGULAR","student_id":"S-C-1A-42000029","status":"PRESENTE","note":""}'::jsonb);
insert into public.audit(ts,user_id,action,payload) values('2026-02-21T17:55:45.470Z', 'U-PREC-1', 'create_record', '{"session_id":"SES|C-1A|2026-02-21|REGULAR","student_id":"S-C-1A-42000026","status":"PRESENTE","note":""}'::jsonb);
insert into public.audit(ts,user_id,action,payload) values('2026-02-21T17:55:47.756Z', 'U-PREC-1', 'create_record', '{"session_id":"SES|C-1A|2026-02-21|REGULAR","student_id":"S-C-1A-42000018","status":"VERIFICAR","note":""}'::jsonb);
insert into public.audit(ts,user_id,action,payload) values('2026-02-21T17:55:48.537Z', 'U-PREC-1', 'create_record', '{"session_id":"SES|C-1A|2026-02-21|REGULAR","student_id":"S-C-1A-42000009","status":"VERIFICAR","note":""}'::jsonb);
insert into public.audit(ts,user_id,action,payload) values('2026-02-21T17:55:48.593Z', 'U-PREC-1', 'create_record', '{"session_id":"SES|C-1A|2026-02-21|REGULAR","student_id":"S-C-1A-42000003","status":"TARDE","note":""}'::jsonb);
insert into public.audit(ts,user_id,action,payload) values('2026-02-21T17:55:49.319Z', 'U-PREC-1', 'create_record', '{"session_id":"SES|C-1A|2026-02-21|REGULAR","student_id":"S-C-1A-42000027","status":"TARDE","note":""}'::jsonb);
insert into public.audit(ts,user_id,action,payload) values('2026-02-21T17:55:50.250Z', 'U-PREC-1', 'create_record', '{"session_id":"SES|C-1A|2026-02-21|REGULAR","student_id":"S-C-1A-42000002","status":"AUSENTE","note":""}'::jsonb);
insert into public.audit(ts,user_id,action,payload) values('2026-02-21T17:55:50.254Z', 'U-PREC-1', 'create_record', '{"session_id":"SES|C-1A|2026-02-21|REGULAR","student_id":"S-C-1A-42000013","status":"AUSENTE","note":""}'::jsonb);
insert into public.audit(ts,user_id,action,payload) values('2026-02-21T17:55:58.491Z', 'U-PREC-1', 'create_record', '{"session_id":"SES|C-1A|2026-02-21|REGULAR","student_id":"S-C-1A-42000000","status":"VERIFICAR","note":""}'::jsonb);
insert into public.audit(ts,user_id,action,payload) values('2026-02-21T17:56:12.382Z', 'U-PREC-1', 'create_record', '{"session_id":"SES|C-1A|2026-02-21|REGULAR","student_id":"S-C-1A-42000004","status":"PRESENTE","note":""}'::jsonb);
insert into public.audit(ts,user_id,action,payload) values('2026-02-21T17:56:13.077Z', 'U-PREC-1', 'create_record', '{"session_id":"SES|C-1A|2026-02-21|REGULAR","student_id":"S-C-1A-42000005","status":"PRESENTE","note":""}'::jsonb);
insert into public.audit(ts,user_id,action,payload) values('2026-02-21T17:56:13.761Z', 'U-PREC-1', 'create_record', '{"session_id":"SES|C-1A|2026-02-21|REGULAR","student_id":"S-C-1A-42000017","status":"PRESENTE","note":""}'::jsonb);
insert into public.audit(ts,user_id,action,payload) values('2026-02-21T17:56:14.151Z', 'U-PREC-1', 'create_record', '{"session_id":"SES|C-1A|2026-02-21|REGULAR","student_id":"S-C-1A-42000016","status":"PRESENTE","note":""}'::jsonb);
insert into public.audit(ts,user_id,action,payload) values('2026-02-21T17:56:14.718Z', 'U-PREC-1', 'create_record', '{"session_id":"SES|C-1A|2026-02-21|REGULAR","student_id":"S-C-1A-42000021","status":"PRESENTE","note":""}'::jsonb);
insert into public.audit(ts,user_id,action,payload) values('2026-02-21T17:56:14.945Z', 'U-PREC-1', 'create_record', '{"session_id":"SES|C-1A|2026-02-21|REGULAR","student_id":"S-C-1A-42000019","status":"PRESENTE","note":""}'::jsonb);
insert into public.audit(ts,user_id,action,payload) values('2026-02-21T17:56:15.932Z', 'U-PREC-1', 'create_record', '{"session_id":"SES|C-1A|2026-02-21|REGULAR","student_id":"S-C-1A-42000024","status":"PRESENTE","note":""}'::jsonb);
insert into public.audit(ts,user_id,action,payload) values('2026-02-21T17:56:16.006Z', 'U-PREC-1', 'create_record', '{"session_id":"SES|C-1A|2026-02-21|REGULAR","student_id":"S-C-1A-42000028","status":"PRESENTE","note":""}'::jsonb);
insert into public.audit(ts,user_id,action,payload) values('2026-02-21T17:56:16.308Z', 'U-PREC-1', 'create_record', '{"session_id":"SES|C-1A|2026-02-21|REGULAR","student_id":"S-C-1A-42000025","status":"PRESENTE","note":""}'::jsonb);
insert into public.audit(ts,user_id,action,payload) values('2026-02-21T17:56:16.879Z', 'U-PREC-1', 'create_record', '{"session_id":"SES|C-1A|2026-02-21|REGULAR","student_id":"S-C-1A-42000012","status":"PRESENTE","note":""}'::jsonb);
insert into public.audit(ts,user_id,action,payload) values('2026-02-21T17:56:17.549Z', 'U-PREC-1', 'create_record', '{"session_id":"SES|C-1A|2026-02-21|REGULAR","student_id":"S-C-1A-42000022","status":"AUSENTE","note":""}'::jsonb);
insert into public.audit(ts,user_id,action,payload) values('2026-02-21T17:56:17.839Z', 'U-PREC-1', 'create_record', '{"session_id":"SES|C-1A|2026-02-21|REGULAR","student_id":"S-C-1A-42000011","status":"PRESENTE","note":""}'::jsonb);
insert into public.audit(ts,user_id,action,payload) values('2026-02-21T17:56:18.392Z', 'U-PREC-1', 'create_record', '{"session_id":"SES|C-1A|2026-02-21|REGULAR","student_id":"S-C-1A-42000007","status":"AUSENTE","note":""}'::jsonb);
insert into public.audit(ts,user_id,action,payload) values('2026-02-21T17:56:18.650Z', 'U-PREC-1', 'create_record', '{"session_id":"SES|C-1A|2026-02-21|REGULAR","student_id":"S-C-1A-42000008","status":"AUSENTE","note":""}'::jsonb);
insert into public.audit(ts,user_id,action,payload) values('2026-02-21T17:56:19.415Z', 'U-PREC-1', 'create_record', '{"session_id":"SES|C-1A|2026-02-21|REGULAR","student_id":"S-C-1A-42000020","status":"PRESENTE","note":""}'::jsonb);
insert into public.audit(ts,user_id,action,payload) values('2026-02-21T17:56:20.184Z', 'U-PREC-1', 'create_record', '{"session_id":"SES|C-1A|2026-02-21|REGULAR","student_id":"S-C-1A-42000023","status":"PRESENTE","note":""}'::jsonb);
insert into public.audit(ts,user_id,action,payload) values('2026-02-21T17:56:20.711Z', 'U-PREC-1', 'create_record', '{"session_id":"SES|C-1A|2026-02-21|REGULAR","student_id":"S-C-1A-42000010","status":"AUSENTE","note":""}'::jsonb);
insert into public.audit(ts,user_id,action,payload) values('2026-02-21T17:56:25.358Z', 'U-PREC-1', 'login', '{"email":"preceptor1@demo.edu.ar"}'::jsonb);
insert into public.audit(ts,user_id,action,payload) values('2026-02-21T17:56:48.339Z', 'U-PREC-1', 'create_record', '{"session_id":"SES|C-1A|2026-02-21|REGULAR","student_id":"S-C-1A-42000024","status":"TARDE","note":""}'::jsonb);
insert into public.audit(ts,user_id,action,payload) values('2026-02-21T17:56:50.426Z', 'U-PREC-1', 'create_record', '{"session_id":"SES|C-1A|2026-02-21|REGULAR","student_id":"S-C-1A-42000012","status":"TARDE","note":""}'::jsonb);
insert into public.audit(ts,user_id,action,payload) values('2026-02-21T17:56:58.643Z', 'U-PREC-1', 'update_record', '{"session_id":"SES|C-1A|2026-02-21|REGULAR","student_id":"S-C-1A-42000014","status":"TARDE","note":""}'::jsonb);
insert into public.audit(ts,user_id,action,payload) values('2026-02-21T17:57:01.986Z', 'U-PREC-1', 'close_session', '{"session_id":"SES|C-1A|2026-02-21|REGULAR"}'::jsonb);
insert into public.audit(ts,user_id,action,payload) values('2026-02-21T18:05:27.242Z', 'U-PREC-1', 'login', '{"email":"preceptor1@demo.edu.ar"}'::jsonb);
insert into public.audit(ts,user_id,action,payload) values('2026-02-21T18:06:15.386Z', 'U-PREC-1', 'login', '{"email":"preceptor1@demo.edu.ar"}'::jsonb);
insert into public.audit(ts,user_id,action,payload) values('2026-02-21T18:06:28.280Z', 'U-PREC-1', 'login', '{"email":"preceptor1@demo.edu.ar"}'::jsonb);
insert into public.audit(ts,user_id,action,payload) values('2026-02-21T18:07:21.761Z', 'U-PREC-1', 'update_record', '{"session_id":"SES|C-1A|2026-02-21|REGULAR","student_id":"S-C-1A-42000014","status":"PRESENTE","note":""}'::jsonb);
insert into public.audit(ts,user_id,action,payload) values('2026-02-21T18:07:23.690Z', 'U-PREC-1', 'update_record', '{"session_id":"SES|C-1A|2026-02-21|REGULAR","student_id":"S-C-1A-42000029","status":"AUSENTE","note":""}'::jsonb);
insert into public.audit(ts,user_id,action,payload) values('2026-02-21T18:07:24.380Z', 'U-PREC-1', 'update_record', '{"session_id":"SES|C-1A|2026-02-21|REGULAR","student_id":"S-C-1A-42000015","status":"TARDE","note":""}'::jsonb);
insert into public.audit(ts,user_id,action,payload) values('2026-02-21T18:07:25.409Z', 'U-PREC-1', 'update_record', '{"session_id":"SES|C-1A|2026-02-21|REGULAR","student_id":"S-C-1A-42000018","status":"VERIFICAR","note":""}'::jsonb);
insert into public.audit(ts,user_id,action,payload) values('2026-02-21T18:07:25.960Z', 'U-PREC-1', 'update_record', '{"session_id":"SES|C-1A|2026-02-21|REGULAR","student_id":"S-C-1A-42000026","status":"TARDE","note":""}'::jsonb);
insert into public.audit(ts,user_id,action,payload) values('2026-02-21T18:07:26.482Z', 'U-PREC-1', 'update_record', '{"session_id":"SES|C-1A|2026-02-21|REGULAR","student_id":"S-C-1A-42000009","status":"VERIFICAR","note":""}'::jsonb);
insert into public.audit(ts,user_id,action,payload) values('2026-02-21T18:07:27.467Z', 'U-PREC-1', 'update_record', '{"session_id":"SES|C-1A|2026-02-21|REGULAR","student_id":"S-C-1A-42000027","status":"AUSENTE","note":""}'::jsonb);
insert into public.audit(ts,user_id,action,payload) values('2026-02-21T18:07:27.427Z', 'U-PREC-1', 'update_record', '{"session_id":"SES|C-1A|2026-02-21|REGULAR","student_id":"S-C-1A-42000003","status":"PRESENTE","note":""}'::jsonb);
insert into public.audit(ts,user_id,action,payload) values('2026-02-21T18:07:28.468Z', 'U-PREC-1', 'update_record', '{"session_id":"SES|C-1A|2026-02-21|REGULAR","student_id":"S-C-1A-42000013","status":"PRESENTE","note":""}'::jsonb);
insert into public.audit(ts,user_id,action,payload) values('2026-02-21T18:07:30.209Z', 'U-PREC-1', 'update_record', '{"session_id":"SES|C-1A|2026-02-21|REGULAR","student_id":"S-C-1A-42000002","status":"PRESENTE","note":""}'::jsonb);
insert into public.audit(ts,user_id,action,payload) values('2026-02-21T18:07:30.602Z', 'U-PREC-1', 'update_record', '{"session_id":"SES|C-1A|2026-02-21|REGULAR","student_id":"S-C-1A-42000000","status":"PRESENTE","note":""}'::jsonb);
insert into public.audit(ts,user_id,action,payload) values('2026-02-21T18:07:30.995Z', 'U-PREC-1', 'update_record', '{"session_id":"SES|C-1A|2026-02-21|REGULAR","student_id":"S-C-1A-42000016","status":"PRESENTE","note":""}'::jsonb);
insert into public.audit(ts,user_id,action,payload) values('2026-02-21T18:07:31.370Z', 'U-PREC-1', 'update_record', '{"session_id":"SES|C-1A|2026-02-21|REGULAR","student_id":"S-C-1A-42000004","status":"PRESENTE","note":""}'::jsonb);
insert into public.audit(ts,user_id,action,payload) values('2026-02-21T18:07:33.114Z', 'U-PREC-1', 'update_record', '{"session_id":"SES|C-1A|2026-02-21|REGULAR","student_id":"S-C-1A-42000017","status":"PRESENTE","note":""}'::jsonb);
insert into public.audit(ts,user_id,action,payload) values('2026-02-21T18:07:33.123Z', 'U-PREC-1', 'update_record', '{"session_id":"SES|C-1A|2026-02-21|REGULAR","student_id":"S-C-1A-42000005","status":"PRESENTE","note":""}'::jsonb);
insert into public.audit(ts,user_id,action,payload) values('2026-02-21T18:07:33.667Z', 'U-PREC-1', 'update_record', '{"session_id":"SES|C-1A|2026-02-21|REGULAR","student_id":"S-C-1A-42000021","status":"PRESENTE","note":""}'::jsonb);
insert into public.audit(ts,user_id,action,payload) values('2026-02-21T18:07:34.281Z', 'U-PREC-1', 'update_record', '{"session_id":"SES|C-1A|2026-02-21|REGULAR","student_id":"S-C-1A-42000028","status":"AUSENTE","note":""}'::jsonb);
insert into public.audit(ts,user_id,action,payload) values('2026-02-21T18:07:34.729Z', 'U-PREC-1', 'update_record', '{"session_id":"SES|C-1A|2026-02-21|REGULAR","student_id":"S-C-1A-42000006","status":"AUSENTE","note":""}'::jsonb);
insert into public.audit(ts,user_id,action,payload) values('2026-02-21T18:07:35.357Z', 'U-PREC-1', 'update_record', '{"session_id":"SES|C-1A|2026-02-21|REGULAR","student_id":"S-C-1A-42000012","status":"AUSENTE","note":""}'::jsonb);
insert into public.audit(ts,user_id,action,payload) values('2026-02-21T18:07:35.440Z', 'U-PREC-1', 'update_record', '{"session_id":"SES|C-1A|2026-02-21|REGULAR","student_id":"S-C-1A-42000019","status":"AUSENTE","note":""}'::jsonb);
insert into public.audit(ts,user_id,action,payload) values('2026-02-21T18:07:36.188Z', 'U-PREC-1', 'update_record', '{"session_id":"SES|C-1A|2026-02-21|REGULAR","student_id":"S-C-1A-42000025","status":"AUSENTE","note":""}'::jsonb);
insert into public.audit(ts,user_id,action,payload) values('2026-02-21T18:07:37.103Z', 'U-PREC-1', 'update_record', '{"session_id":"SES|C-1A|2026-02-21|REGULAR","student_id":"S-C-1A-42000022","status":"TARDE","note":""}'::jsonb);
insert into public.audit(ts,user_id,action,payload) values('2026-02-21T18:07:37.713Z', 'U-PREC-1', 'update_record', '{"session_id":"SES|C-1A|2026-02-21|REGULAR","student_id":"S-C-1A-42000011","status":"TARDE","note":""}'::jsonb);
insert into public.audit(ts,user_id,action,payload) values('2026-02-21T18:07:38.987Z', 'U-PREC-1', 'update_record', '{"session_id":"SES|C-1A|2026-02-21|REGULAR","student_id":"S-C-1A-42000010","status":"VERIFICAR","note":""}'::jsonb);
insert into public.audit(ts,user_id,action,payload) values('2026-02-21T18:07:39.078Z', 'U-PREC-1', 'update_record', '{"session_id":"SES|C-1A|2026-02-21|REGULAR","student_id":"S-C-1A-42000020","status":"VERIFICAR","note":""}'::jsonb);
insert into public.audit(ts,user_id,action,payload) values('2026-02-21T18:07:39.992Z', 'U-PREC-1', 'update_record', '{"session_id":"SES|C-1A|2026-02-21|REGULAR","student_id":"S-C-1A-42000007","status":"TARDE","note":""}'::jsonb);
insert into public.audit(ts,user_id,action,payload) values('2026-02-21T18:07:44.659Z', 'U-PREC-1', 'close_session', '{"session_id":"SES|C-1A|2026-02-21|REGULAR"}'::jsonb);
insert into public.audit(ts,user_id,action,payload) values('2026-02-21T18:17:57.783Z', 'U-PREC-1', 'login', '{"email":"preceptor1@demo.edu.ar"}'::jsonb);
insert into public.audit(ts,user_id,action,payload) values('2026-02-21T18:18:03.275Z', 'U-PREC-1', 'login', '{"email":"preceptor1@demo.edu.ar"}'::jsonb);
insert into public.audit(ts,user_id,action,payload) values('2026-02-21T18:18:22.811Z', 'U-PREC-1', 'update_record', '{"session_id":"SES|C-1A|2026-02-21|REGULAR","student_id":"S-C-1A-42000014","status":"TARDE","note":""}'::jsonb);
insert into public.audit(ts,user_id,action,payload) values('2026-02-21T18:18:25.459Z', 'U-PREC-1', 'update_record', '{"session_id":"SES|C-1A|2026-02-21|REGULAR","student_id":"S-C-1A-42000029","status":"TARDE","note":""}'::jsonb);
insert into public.audit(ts,user_id,action,payload) values('2026-02-21T18:18:39.956Z', 'U-PREC-1', 'update_record', '{"session_id":"SES|C-1A|2026-02-21|REGULAR","student_id":"S-C-1A-42000015","status":"VERIFICAR","note":""}'::jsonb);
insert into public.audit(ts,user_id,action,payload) values('2026-02-21T18:18:40.754Z', 'U-PREC-1', 'update_record', '{"session_id":"SES|C-1A|2026-02-21|REGULAR","student_id":"S-C-1A-42000026","status":"VERIFICAR","note":""}'::jsonb);
insert into public.audit(ts,user_id,action,payload) values('2026-02-21T18:18:42.202Z', 'U-PREC-1', 'update_record', '{"session_id":"SES|C-1A|2026-02-21|REGULAR","student_id":"S-C-1A-42000018","status":"VERIFICAR","note":""}'::jsonb);
insert into public.audit(ts,user_id,action,payload) values('2026-02-21T18:18:43.977Z', 'U-PREC-1', 'update_record', '{"session_id":"SES|C-1A|2026-02-21|REGULAR","student_id":"S-C-1A-42000009","status":"TARDE","note":""}'::jsonb);
insert into public.audit(ts,user_id,action,payload) values('2026-02-21T18:18:47.502Z', 'U-PREC-1', 'update_record', '{"session_id":"SES|C-1A|2026-02-21|REGULAR","student_id":"S-C-1A-42000003","status":"TARDE","note":""}'::jsonb);
insert into public.audit(ts,user_id,action,payload) values('2026-02-21T18:20:10.581Z', 'U-PREC-1', 'create_session', '{"session_id":"SES|C-1A|2026-02-19|REGULAR","course_id":"C-1A","date":"2026-02-19","context":"REGULAR"}'::jsonb);
insert into public.audit(ts,user_id,action,payload) values('2026-02-21T18:20:15.738Z', 'U-PREC-1', 'create_record', '{"session_id":"SES|C-1A|2026-02-19|REGULAR","student_id":"S-C-1A-42000013","status":"TARDE","note":""}'::jsonb);
insert into public.audit(ts,user_id,action,payload) values('2026-02-21T18:20:16.483Z', 'U-PREC-1', 'create_record', '{"session_id":"SES|C-1A|2026-02-19|REGULAR","student_id":"S-C-1A-42000027","status":"AUSENTE","note":""}'::jsonb);
insert into public.audit(ts,user_id,action,payload) values('2026-02-21T18:20:17.275Z', 'U-PREC-1', 'create_record', '{"session_id":"SES|C-1A|2026-02-19|REGULAR","student_id":"S-C-1A-42000002","status":"VERIFICAR","note":""}'::jsonb);
insert into public.audit(ts,user_id,action,payload) values('2026-02-21T18:20:18.814Z', 'U-PREC-1', 'create_record', '{"session_id":"SES|C-1A|2026-02-19|REGULAR","student_id":"S-C-1A-42000014","status":"PRESENTE","note":""}'::jsonb);
insert into public.audit(ts,user_id,action,payload) values('2026-02-21T18:20:19.568Z', 'U-PREC-1', 'create_record', '{"session_id":"SES|C-1A|2026-02-19|REGULAR","student_id":"S-C-1A-42000029","status":"PRESENTE","note":""}'::jsonb);
insert into public.audit(ts,user_id,action,payload) values('2026-02-21T18:20:20.342Z', 'U-PREC-1', 'create_record', '{"session_id":"SES|C-1A|2026-02-19|REGULAR","student_id":"S-C-1A-42000015","status":"PRESENTE","note":""}'::jsonb);
insert into public.audit(ts,user_id,action,payload) values('2026-02-21T18:20:20.876Z', 'U-PREC-1', 'create_record', '{"session_id":"SES|C-1A|2026-02-19|REGULAR","student_id":"S-C-1A-42000026","status":"PRESENTE","note":""}'::jsonb);
insert into public.audit(ts,user_id,action,payload) values('2026-02-21T18:20:21.637Z', 'U-PREC-1', 'create_record', '{"session_id":"SES|C-1A|2026-02-19|REGULAR","student_id":"S-C-1A-42000009","status":"PRESENTE","note":""}'::jsonb);
insert into public.audit(ts,user_id,action,payload) values('2026-02-21T18:20:22.171Z', 'U-PREC-1', 'create_record', '{"session_id":"SES|C-1A|2026-02-19|REGULAR","student_id":"S-C-1A-42000018","status":"PRESENTE","note":""}'::jsonb);
insert into public.audit(ts,user_id,action,payload) values('2026-02-21T18:20:22.386Z', 'U-PREC-1', 'create_record', '{"session_id":"SES|C-1A|2026-02-19|REGULAR","student_id":"S-C-1A-42000003","status":"PRESENTE","note":""}'::jsonb);
insert into public.audit(ts,user_id,action,payload) values('2026-02-21T18:20:22.945Z', 'U-PREC-1', 'update_record', '{"session_id":"SES|C-1A|2026-02-19|REGULAR","student_id":"S-C-1A-42000027","status":"PRESENTE","note":""}'::jsonb);
insert into public.audit(ts,user_id,action,payload) values('2026-02-21T18:20:23.582Z', 'U-PREC-1', 'update_record', '{"session_id":"SES|C-1A|2026-02-19|REGULAR","student_id":"S-C-1A-42000002","status":"PRESENTE","note":""}'::jsonb);
insert into public.audit(ts,user_id,action,payload) values('2026-02-21T18:20:23.821Z', 'U-PREC-1', 'update_record', '{"session_id":"SES|C-1A|2026-02-19|REGULAR","student_id":"S-C-1A-42000013","status":"PRESENTE","note":""}'::jsonb);
insert into public.audit(ts,user_id,action,payload) values('2026-02-21T18:20:24.952Z', 'U-PREC-1', 'create_record', '{"session_id":"SES|C-1A|2026-02-19|REGULAR","student_id":"S-C-1A-42000004","status":"PRESENTE","note":""}'::jsonb);
insert into public.audit(ts,user_id,action,payload) values('2026-02-21T18:20:25.507Z', 'U-PREC-1', 'create_record', '{"session_id":"SES|C-1A|2026-02-19|REGULAR","student_id":"S-C-1A-42000000","status":"PRESENTE","note":""}'::jsonb);
insert into public.audit(ts,user_id,action,payload) values('2026-02-21T18:20:25.715Z', 'U-PREC-1', 'create_record', '{"session_id":"SES|C-1A|2026-02-19|REGULAR","student_id":"S-C-1A-42000016","status":"PRESENTE","note":""}'::jsonb);
insert into public.audit(ts,user_id,action,payload) values('2026-02-21T18:20:26.213Z', 'U-PREC-1', 'create_record', '{"session_id":"SES|C-1A|2026-02-19|REGULAR","student_id":"S-C-1A-42000017","status":"PRESENTE","note":""}'::jsonb);
insert into public.audit(ts,user_id,action,payload) values('2026-02-21T18:20:26.701Z', 'U-PREC-1', 'create_record', '{"session_id":"SES|C-1A|2026-02-19|REGULAR","student_id":"S-C-1A-42000021","status":"AUSENTE","note":""}'::jsonb);
insert into public.audit(ts,user_id,action,payload) values('2026-02-21T18:20:26.914Z', 'U-PREC-1', 'create_record', '{"session_id":"SES|C-1A|2026-02-19|REGULAR","student_id":"S-C-1A-42000005","status":"PRESENTE","note":""}'::jsonb);
insert into public.audit(ts,user_id,action,payload) values('2026-02-21T18:20:27.478Z', 'U-PREC-1', 'create_record', '{"session_id":"SES|C-1A|2026-02-19|REGULAR","student_id":"S-C-1A-42000019","status":"AUSENTE","note":""}'::jsonb);
insert into public.audit(ts,user_id,action,payload) values('2026-02-21T18:20:28.169Z', 'U-PREC-1', 'create_record', '{"session_id":"SES|C-1A|2026-02-19|REGULAR","student_id":"S-C-1A-42000028","status":"AUSENTE","note":""}'::jsonb);
insert into public.audit(ts,user_id,action,payload) values('2026-02-21T18:20:28.340Z', 'U-PREC-1', 'create_record', '{"session_id":"SES|C-1A|2026-02-19|REGULAR","student_id":"S-C-1A-42000025","status":"TARDE","note":""}'::jsonb);
insert into public.audit(ts,user_id,action,payload) values('2026-02-21T18:20:29.124Z', 'U-PREC-1', 'create_record', '{"session_id":"SES|C-1A|2026-02-19|REGULAR","student_id":"S-C-1A-42000012","status":"VERIFICAR","note":""}'::jsonb);
insert into public.audit(ts,user_id,action,payload) values('2026-02-21T18:20:29.382Z', 'U-PREC-1', 'create_record', '{"session_id":"SES|C-1A|2026-02-19|REGULAR","student_id":"S-C-1A-42000006","status":"TARDE","note":""}'::jsonb);
insert into public.audit(ts,user_id,action,payload) values('2026-02-21T18:20:29.482Z', 'U-PREC-1', 'create_record', '{"session_id":"SES|C-1A|2026-02-19|REGULAR","student_id":"S-C-1A-42000001","status":"VERIFICAR","note":""}'::jsonb);
insert into public.audit(ts,user_id,action,payload) values('2026-02-21T18:20:30.438Z', 'U-PREC-1', 'create_record', '{"session_id":"SES|C-1A|2026-02-19|REGULAR","student_id":"S-C-1A-42000011","status":"VERIFICAR","note":""}'::jsonb);
insert into public.audit(ts,user_id,action,payload) values('2026-02-21T18:20:31.658Z', 'U-PREC-1', 'create_record', '{"session_id":"SES|C-1A|2026-02-19|REGULAR","student_id":"S-C-1A-42000007","status":"VERIFICAR","note":""}'::jsonb);
insert into public.audit(ts,user_id,action,payload) values('2026-02-21T18:20:31.753Z', 'U-PREC-1', 'create_record', '{"session_id":"SES|C-1A|2026-02-19|REGULAR","student_id":"S-C-1A-42000008","status":"VERIFICAR","note":""}'::jsonb);
insert into public.audit(ts,user_id,action,payload) values('2026-02-21T18:20:31.846Z', 'U-PREC-1', 'create_record', '{"session_id":"SES|C-1A|2026-02-19|REGULAR","student_id":"S-C-1A-42000020","status":"VERIFICAR","note":""}'::jsonb);
insert into public.audit(ts,user_id,action,payload) values('2026-02-21T18:20:32.282Z', 'U-PREC-1', 'create_record', '{"session_id":"SES|C-1A|2026-02-19|REGULAR","student_id":"S-C-1A-42000010","status":"VERIFICAR","note":""}'::jsonb);
insert into public.audit(ts,user_id,action,payload) values('2026-02-21T18:20:33.148Z', 'U-PREC-1', 'create_record', '{"session_id":"SES|C-1A|2026-02-19|REGULAR","student_id":"S-C-1A-42000022","status":"VERIFICAR","note":""}'::jsonb);
insert into public.audit(ts,user_id,action,payload) values('2026-02-21T18:36:23.812Z', 'U-PREC-1', 'login', '{"email":"preceptor1@demo.edu.ar"}'::jsonb);
insert into public.audit(ts,user_id,action,payload) values('2026-02-21T18:37:06.369Z', 'U-PREC-1', 'update_record', '{"session_id":"SES|C-1A|2026-02-21|REGULAR","student_id":"S-C-1A-42000014","status":"PRESENTE","note":""}'::jsonb);
insert into public.audit(ts,user_id,action,payload) values('2026-02-21T18:37:07.102Z', 'U-PREC-1', 'update_record', '{"session_id":"SES|C-1A|2026-02-21|REGULAR","student_id":"S-C-1A-42000029","status":"PRESENTE","note":""}'::jsonb);
insert into public.audit(ts,user_id,action,payload) values('2026-02-21T18:37:07.533Z', 'U-PREC-1', 'update_record', '{"session_id":"SES|C-1A|2026-02-21|REGULAR","student_id":"S-C-1A-42000018","status":"AUSENTE","note":""}'::jsonb);
insert into public.audit(ts,user_id,action,payload) values('2026-02-21T18:37:08.057Z', 'U-PREC-1', 'update_record', '{"session_id":"SES|C-1A|2026-02-21|REGULAR","student_id":"S-C-1A-42000015","status":"PRESENTE","note":""}'::jsonb);
insert into public.audit(ts,user_id,action,payload) values('2026-02-21T18:37:08.261Z', 'U-PREC-1', 'update_record', '{"session_id":"SES|C-1A|2026-02-21|REGULAR","student_id":"S-C-1A-42000026","status":"PRESENTE","note":""}'::jsonb);
insert into public.audit(ts,user_id,action,payload) values('2026-02-21T18:37:09.165Z', 'U-PREC-1', 'update_record', '{"session_id":"SES|C-1A|2026-02-21|REGULAR","student_id":"S-C-1A-42000027","status":"PRESENTE","note":""}'::jsonb);
insert into public.audit(ts,user_id,action,payload) values('2026-02-21T18:37:09.184Z', 'U-PREC-1', 'update_record', '{"session_id":"SES|C-1A|2026-02-21|REGULAR","student_id":"S-C-1A-42000003","status":"AUSENTE","note":""}'::jsonb);
insert into public.audit(ts,user_id,action,payload) values('2026-02-21T18:37:09.753Z', 'U-PREC-1', 'update_record', '{"session_id":"SES|C-1A|2026-02-21|REGULAR","student_id":"S-C-1A-42000013","status":"TARDE","note":""}'::jsonb);
insert into public.audit(ts,user_id,action,payload) values('2026-02-21T18:37:10.173Z', 'U-PREC-1', 'update_record', '{"session_id":"SES|C-1A|2026-02-21|REGULAR","student_id":"S-C-1A-42000002","status":"AUSENTE","note":""}'::jsonb);
insert into public.audit(ts,user_id,action,payload) values('2026-02-21T18:37:10.707Z', 'U-PREC-1', 'update_record', '{"session_id":"SES|C-1A|2026-02-21|REGULAR","student_id":"S-C-1A-42000000","status":"PRESENTE","note":""}'::jsonb);
insert into public.audit(ts,user_id,action,payload) values('2026-02-21T18:37:10.753Z', 'U-PREC-1', 'update_record', '{"session_id":"SES|C-1A|2026-02-21|REGULAR","student_id":"S-C-1A-42000016","status":"TARDE","note":""}'::jsonb);
insert into public.audit(ts,user_id,action,payload) values('2026-02-21T18:37:12.024Z', 'U-PREC-1', 'update_record', '{"session_id":"SES|C-1A|2026-02-21|REGULAR","student_id":"S-C-1A-42000024","status":"AUSENTE","note":""}'::jsonb);
insert into public.audit(ts,user_id,action,payload) values('2026-02-21T18:37:12.108Z', 'U-PREC-1', 'update_record', '{"session_id":"SES|C-1A|2026-02-21|REGULAR","student_id":"S-C-1A-42000005","status":"PRESENTE","note":""}'::jsonb);
insert into public.audit(ts,user_id,action,payload) values('2026-02-21T18:37:12.667Z', 'U-PREC-1', 'update_record', '{"session_id":"SES|C-1A|2026-02-21|REGULAR","student_id":"S-C-1A-42000004","status":"AUSENTE","note":""}'::jsonb);
insert into public.audit(ts,user_id,action,payload) values('2026-02-21T18:37:13.153Z', 'U-PREC-1', 'update_record', '{"session_id":"SES|C-1A|2026-02-21|REGULAR","student_id":"S-C-1A-42000019","status":"TARDE","note":""}'::jsonb);
insert into public.audit(ts,user_id,action,payload) values('2026-02-21T18:37:13.602Z', 'U-PREC-1', 'update_record', '{"session_id":"SES|C-1A|2026-02-21|REGULAR","student_id":"S-C-1A-42000021","status":"PRESENTE","note":""}'::jsonb);
insert into public.audit(ts,user_id,action,payload) values('2026-02-21T18:37:14.372Z', 'U-PREC-1', 'update_record', '{"session_id":"SES|C-1A|2026-02-21|REGULAR","student_id":"S-C-1A-42000025","status":"TARDE","note":""}'::jsonb);
insert into public.audit(ts,user_id,action,payload) values('2026-02-21T18:37:14.543Z', 'U-PREC-1', 'update_record', '{"session_id":"SES|C-1A|2026-02-21|REGULAR","student_id":"S-C-1A-42000028","status":"AUSENTE","note":""}'::jsonb);
insert into public.audit(ts,user_id,action,payload) values('2026-02-21T18:37:14.683Z', 'U-PREC-1', 'update_record', '{"session_id":"SES|C-1A|2026-02-21|REGULAR","student_id":"S-C-1A-42000006","status":"PRESENTE","note":""}'::jsonb);
insert into public.audit(ts,user_id,action,payload) values('2026-02-21T18:37:15.255Z', 'U-PREC-1', 'update_record', '{"session_id":"SES|C-1A|2026-02-21|REGULAR","student_id":"S-C-1A-42000012","status":"VERIFICAR","note":""}'::jsonb);
insert into public.audit(ts,user_id,action,payload) values('2026-02-21T18:37:15.838Z', 'U-PREC-1', 'update_record', '{"session_id":"SES|C-1A|2026-02-21|REGULAR","student_id":"S-C-1A-42000008","status":"TARDE","note":""}'::jsonb);
insert into public.audit(ts,user_id,action,payload) values('2026-02-21T18:37:15.895Z', 'U-PREC-1', 'update_record', '{"session_id":"SES|C-1A|2026-02-21|REGULAR","student_id":"S-C-1A-42000011","status":"AUSENTE","note":""}'::jsonb);
insert into public.audit(ts,user_id,action,payload) values('2026-02-21T18:37:16.630Z', 'U-PREC-1', 'update_record', '{"session_id":"SES|C-1A|2026-02-21|REGULAR","student_id":"S-C-1A-42000022","status":"TARDE","note":""}'::jsonb);
insert into public.audit(ts,user_id,action,payload) values('2026-02-21T18:37:16.784Z', 'U-PREC-1', 'update_record', '{"session_id":"SES|C-1A|2026-02-21|REGULAR","student_id":"S-C-1A-42000001","status":"VERIFICAR","note":""}'::jsonb);
insert into public.audit(ts,user_id,action,payload) values('2026-02-21T18:37:17.444Z', 'U-PREC-1', 'update_record', '{"session_id":"SES|C-1A|2026-02-21|REGULAR","student_id":"S-C-1A-42000007","status":"VERIFICAR","note":""}'::jsonb);
insert into public.audit(ts,user_id,action,payload) values('2026-02-21T18:37:17.717Z', 'U-PREC-1', 'update_record', '{"session_id":"SES|C-1A|2026-02-21|REGULAR","student_id":"S-C-1A-42000020","status":"PRESENTE","note":""}'::jsonb);
insert into public.audit(ts,user_id,action,payload) values('2026-02-21T18:37:18.446Z', 'U-PREC-1', 'update_record', '{"session_id":"SES|C-1A|2026-02-21|REGULAR","student_id":"S-C-1A-42000010","status":"TARDE","note":""}'::jsonb);
insert into public.audit(ts,user_id,action,payload) values('2026-02-21T18:37:19.673Z', 'U-PREC-1', 'close_session', '{"session_id":"SES|C-1A|2026-02-21|REGULAR"}'::jsonb);
commit;